company_id,month,new_claims,company_mean_per_month,anchor,provinces,min_n,mult,name,ticker,company_type
abitibi-metals,2023-09,31,4.15,2023-09-13,quebec,10,2.0,Abitibi Metals,AMQ.CN,Explorer
abitibi-metals,2024-09,30,4.15,2024-09-17,quebec,10,2.0,Abitibi Metals,AMQ.CN,Explorer
abitibi-metals,2025-03,14,4.15,2025-03-21,quebec,10,2.0,Abitibi Metals,AMQ.CN,Explorer
abitibi-metals,2026-03,77,4.15,2026-03-22,quebec,10,2.0,Abitibi Metals,AMQ.CN,Explorer
agnico-eagle,2023-07,160,24.77,2023-07-21,quebec,10,2.0,Agnico Eagle Mines,AEM,"Producer, Major"
agnico-eagle,2023-08,75,24.77,2023-08-21,quebec,10,2.0,Agnico Eagle Mines,AEM,"Producer, Major"
agnico-eagle,2023-10,103,24.77,2023-10-26,quebec,10,2.0,Agnico Eagle Mines,AEM,"Producer, Major"
agnico-eagle,2023-11,89,24.77,2023-11-28,nunavut/quebec,10,2.0,Agnico Eagle Mines,AEM,"Producer, Major"
agnico-eagle,2023-12,74,24.77,2023-12-21,quebec,10,2.0,Agnico Eagle Mines,AEM,"Producer, Major"
agnico-eagle,2024-04,51,24.77,2024-04-04,quebec,10,2.0,Agnico Eagle Mines,AEM,"Producer, Major"
agnico-eagle,2024-11,112,24.77,2024-11-28,quebec,10,2.0,Agnico Eagle Mines,AEM,"Producer, Major"
agnico-eagle,2025-05,87,24.77,2025-05-22,ontario/quebec,10,2.0,Agnico Eagle Mines,AEM,"Producer, Major"
alamos-gold,2023-07,150,28.08,2023-07-31,quebec,10,2.0,Alamos Gold,AGI,"Producer, Mid-tier"
alamos-gold,2023-08,76,28.08,2023-08-24,ontario/quebec,10,2.0,Alamos Gold,AGI,"Producer, Mid-tier"
alamos-gold,2023-09,170,28.08,2023-09-21,quebec,10,2.0,Alamos Gold,AGI,"Producer, Mid-tier"
alamos-gold,2023-10,109,28.08,2023-10-16,quebec,10,2.0,Alamos Gold,AGI,"Producer, Mid-tier"
alamos-gold,2024-08,322,28.08,2024-08-11,quebec,10,2.0,Alamos Gold,AGI,"Producer, Mid-tier"
alamos-gold,2024-10,85,28.08,2024-10-30,ontario/quebec,10,2.0,Alamos Gold,AGI,"Producer, Mid-tier"
alamos-gold,2025-04,83,28.08,2025-04-15,ontario/quebec,10,2.0,Alamos Gold,AGI,"Producer, Mid-tier"
almonty-industries,2024-12,27,0.95,2024-12-24,ontario,10,2.0,Almonty Industries,AII.TO,"Producer, Junior"
almonty-industries,2025-10,10,0.95,2025-10-22,ontario,10,2.0,Almonty Industries,AII.TO,"Producer, Junior"
amex-exploration,2023-08,82,36.33,2023-08-30,ontario,10,2.0,Amex Exploration,AMX.V,Explorer
amex-exploration,2023-10,87,36.33,2023-10-08,ontario,10,2.0,Amex Exploration,AMX.V,Explorer
amex-exploration,2025-06,113,36.33,2025-06-25,quebec,10,2.0,Amex Exploration,AMX.V,Explorer
amex-exploration,2025-09,754,36.33,2025-09-13,ontario,10,2.0,Amex Exploration,AMX.V,Explorer
amex-exploration,2025-11,277,36.33,2025-11-20,ontario,10,2.0,Amex Exploration,AMX.V,Explorer
anglogold,2026-06,12,0.31,2026-06-05,ontario,10,2.0,AngloGold Ashanti,AU,"Producer, Major"
apex-critical-metals-corp,2024-02,10,4.18,2024-02-16,quebec,10,2.0,apex-critical-metals-corp,,
apex-critical-metals-corp,2024-06,76,4.18,2024-06-10,quebec,10,2.0,apex-critical-metals-corp,,
apex-critical-metals-corp,2025-12,77,4.18,2025-12-09,quebec,10,2.0,apex-critical-metals-corp,,
arbor-metals-corp,2025-10,12,0.31,2025-10-09,quebec,10,2.0,arbor-metals-corp,,
arcelormittal,2025-06,26,0.77,2025-06-19,quebec,10,2.0,arcelormittal,,
argo-gold-inc,2024-03,52,7.33,2024-03-16,ontario,10,2.0,argo-gold-inc,,
argo-gold-inc,2025-12,56,7.33,2025-12-21,ontario,10,2.0,argo-gold-inc,,
argo-gold-inc,2026-02,167,7.33,2026-02-19,ontario,10,2.0,argo-gold-inc,,
argyle-resources-corp,2024-06,48,1.92,2024-06-19,quebec,10,2.0,argyle-resources-corp,,
argyle-resources-corp,2024-09,26,1.92,2024-09-27,quebec,10,2.0,argyle-resources-corp,,
ashley-gold-corp,2025-03,12,1.54,2025-03-11,ontario,10,2.0,ashley-gold-corp,,
ashley-gold-corp,2026-02,30,1.54,2026-02-26,ontario,10,2.0,ashley-gold-corp,,
atha-energy,2023-10,335,19.08,2023-10-12,nunavut,10,2.0,ATHA Energy Corp.,SASK.V,Explorer
atha-energy,2023-11,371,19.08,2023-11-30,nunavut,10,2.0,ATHA Energy Corp.,SASK.V,Explorer
athena-gold-corporation,2025-04,172,19.72,2025-04-23,ontario,10,2.0,athena-gold-corporation,,
athena-gold-corporation,2025-07,77,19.72,2025-07-11,ontario,10,2.0,athena-gold-corporation,,
athena-gold-corporation,2026-07,200,19.72,2026-07-17,ontario,10,2.0,athena-gold-corporation,,
athena-gold-corporation,2026-08,312,19.72,2026-08-05,ontario,10,2.0,athena-gold-corporation,,
auq-gold-mining-inc,2025-11,12,0.67,2025-11-28,quebec,10,2.0,auq-gold-mining-inc,,
auriginal-mining-corp,2023-12,37,5.03,2023-12-21,quebec,10,2.0,auriginal-mining-corp,,
auriginal-mining-corp,2024-01,61,5.03,2024-01-30,quebec,10,2.0,auriginal-mining-corp,,
auriginal-mining-corp,2024-03,13,5.03,2024-03-20,quebec,10,2.0,auriginal-mining-corp,,
auriginal-mining-corp,2024-04,16,5.03,2024-04-19,quebec,10,2.0,auriginal-mining-corp,,
auriginal-mining-corp,2026-07,67,5.03,2026-07-29,quebec,10,2.0,auriginal-mining-corp,,
azimut-exploration,2024-10,118,43.26,2024-10-29,quebec,10,2.0,Azimut Exploration,AZM.V,Explorer
azimut-exploration,2025-01,89,43.26,2025-01-26,quebec,10,2.0,Azimut Exploration,AZM.V,Explorer
azimut-exploration,2025-10,90,43.26,2025-10-16,quebec,10,2.0,Azimut Exploration,AZM.V,Explorer
azimut-exploration,2025-11,264,43.26,2025-11-21,quebec,10,2.0,Azimut Exploration,AZM.V,Explorer
azimut-exploration,2026-04,239,43.26,2026-04-10,quebec,10,2.0,Azimut Exploration,AZM.V,Explorer
azimut-exploration,2026-05,259,43.26,2026-05-21,quebec,10,2.0,Azimut Exploration,AZM.V,Explorer
azimut-exploration,2026-08,334,43.26,2026-08-27,quebec,10,2.0,Azimut Exploration,AZM.V,Explorer
b2gold,2024-07,11,0.28,2024-07-11,nunavut,10,2.0,B2Gold,BTG,"Producer, Mid-tier"
baffinland,2024-01,77,2.51,2024-01-26,nunavut,10,2.0,baffinland,,
banyan-gold,2023-09,68,23.03,2023-09-11,yukon,10,2.0,Banyan Gold,BYN.V,Explorer
banyan-gold,2024-07,237,23.03,2024-07-18,yukon,10,2.0,Banyan Gold,BYN.V,Explorer
banyan-gold,2025-06,593,23.03,2025-06-27,yukon,10,2.0,Banyan Gold,BYN.V,Explorer
barranco-gold-mining-corp,2025-07,16,0.41,2025-07-20,ontario,10,2.0,barranco-gold-mining-corp,,
barrick,2023-09,16,7.62,2023-09-18,ontario,10,2.0,Barrick Mining,B,"Producer, Major"
barrick,2024-12,97,7.62,2024-12-11,ontario,10,2.0,Barrick Mining,B,"Producer, Major"
barrick,2025-11,111,7.62,2025-11-19,ontario,10,2.0,Barrick Mining,B,"Producer, Major"
benton-resources,2026-02,16,3.92,2026-02-24,ontario,10,2.0,Benton Resources,BEX.V,Explorer
benton-resources,2026-03,24,3.92,2026-03-29,newfoundland/ontario,10,2.0,Benton Resources,BEX.V,Explorer
benton-resources,2026-04,28,3.92,2026-04-25,newfoundland,10,2.0,Benton Resources,BEX.V,Explorer
benton-resources,2026-05,24,3.92,2026-05-29,newfoundland/ontario,10,2.0,Benton Resources,BEX.V,Explorer
beyond-minerals-inc,2023-07,69,2.1,2023-07-26,ontario,10,2.0,beyond-minerals-inc,,
big-ridge-gold,2024-03,202,63.92,2024-03-30,ontario,10,2.0,Big Ridge Gold Corp.,BRAU.V,Explorer
big-ridge-gold,2024-11,137,63.92,2024-11-29,ontario,10,2.0,Big Ridge Gold Corp.,BRAU.V,Explorer
big-ridge-gold,2026-01,132,63.92,2026-01-27,ontario,10,2.0,Big Ridge Gold Corp.,BRAU.V,Explorer
big-ridge-gold,2026-03,175,63.92,2026-03-28,ontario,10,2.0,Big Ridge Gold Corp.,BRAU.V,Explorer
big-ridge-gold,2026-05,286,63.92,2026-05-31,newfoundland/ontario,10,2.0,Big Ridge Gold Corp.,BRAU.V,Explorer
black-stone-minerals,2025-02,106,13.62,2025-02-19,ontario,10,2.0,Black Stone Minerals,BSM,Royalty
black-stone-minerals,2025-03,112,13.62,2025-03-31,ontario,10,2.0,Black Stone Minerals,BSM,Royalty
black-stone-minerals,2026-01,308,13.62,2026-01-30,newfoundland/ontario,10,2.0,Black Stone Minerals,BSM,Royalty
blue-lagoon-resources,2025-02,64,1.64,2025-02-25,ontario,10,2.0,Blue Lagoon Resources,BLLG.CN,Explorer
bold-ventures-inc,2024-09,44,6.69,2024-09-12,ontario,10,2.0,bold-ventures-inc,,
bold-ventures-inc,2025-12,49,6.69,2025-12-30,ontario,10,2.0,bold-ventures-inc,,
bold-ventures-inc,2026-01,80,6.69,2026-01-14,ontario,10,2.0,bold-ventures-inc,,
bold-ventures-inc,2026-03,43,6.69,2026-03-15,ontario/quebec,10,2.0,bold-ventures-inc,,
boliden,2024-12,10,0.26,2024-12-19,british-columbia,10,2.0,Boliden,BLIDF,"Producer, Major"
bonterra-resources,2026-07,75,1.92,2026-07-28,quebec,10,2.0,Bonterra Resources,BTR.V,Explorer
brunswick-exploration,2023-11,538,29.36,2023-11-27,quebec,10,2.0,Brunswick Exploration,BRW.V,Explorer
brunswick-exploration,2024-06,511,29.36,2024-06-27,quebec,10,2.0,Brunswick Exploration,BRW.V,Explorer
btu-metals,2024-01,17,4.62,2024-01-23,ontario,10,2.0,BTU Metals,BTU.V,Explorer
btu-metals,2024-02,17,4.62,2024-02-24,ontario,10,2.0,BTU Metals,BTU.V,Explorer
btu-metals,2024-04,49,4.62,2024-04-14,ontario,10,2.0,BTU Metals,BTU.V,Explorer
btu-metals,2024-06,21,4.62,2024-06-12,ontario,10,2.0,BTU Metals,BTU.V,Explorer
btu-metals,2025-08,44,4.62,2025-08-27,ontario,10,2.0,BTU Metals,BTU.V,Explorer
btu-metals,2026-06,14,4.62,2026-06-03,ontario,10,2.0,BTU Metals,BTU.V,Explorer
cadillac-mines-corporation,2024-05,15,0.54,2024-05-08,ontario,10,2.0,cadillac-mines-corporation,,
canada-nickel,2023-10,212,45.69,2023-10-19,ontario,10,2.0,Canada Nickel,CNC.V,Explorer
canada-nickel,2024-06,534,45.69,2024-06-28,ontario,10,2.0,Canada Nickel,CNC.V,Explorer
canada-nickel,2024-10,301,45.69,2024-10-14,ontario,10,2.0,Canada Nickel,CNC.V,Explorer
canada-nickel,2025-04,100,45.69,2025-04-30,ontario,10,2.0,Canada Nickel,CNC.V,Explorer
canada-nickel,2025-05,122,45.69,2025-05-24,ontario,10,2.0,Canada Nickel,CNC.V,Explorer
canada-one-mining-corp,2025-11,11,0.64,2025-11-04,british-columbia,10,2.0,canada-one-mining-corp,,
canadian-gold-resources-ltd,2024-12,64,8.36,2024-12-04,quebec,10,2.0,canadian-gold-resources-ltd,,
canadian-gold-resources-ltd,2025-01,58,8.36,2025-01-26,quebec,10,2.0,canadian-gold-resources-ltd,,
canadian-gold-resources-ltd,2026-08,195,8.36,2026-08-25,quebec,10,2.0,canadian-gold-resources-ltd,,
canadian-royalties,2024-01,167,9.56,2024-01-29,quebec,10,2.0,canadian-royalties,,
canadian-royalties,2024-02,24,9.56,2024-02-15,quebec,10,2.0,canadian-royalties,,
canadian-royalties,2024-10,99,9.56,2024-10-07,quebec,10,2.0,canadian-royalties,,
canadian-royalties,2026-02,43,9.56,2026-02-16,quebec,10,2.0,canadian-royalties,,
canuc-resources-corporation,2025-09,13,0.36,2025-09-16,ontario,10,2.0,canuc-resources-corporation,,
cascadia-minerals,2023-10,555,92.77,2023-10-12,yukon,10,2.0,Cascadia Minerals,CAM.V,Explorer
cascadia-minerals,2023-11,227,92.77,2023-11-15,yukon,10,2.0,Cascadia Minerals,CAM.V,Explorer
cascadia-minerals,2026-02,2834,92.77,2026-02-28,yukon,10,2.0,Cascadia Minerals,CAM.V,Explorer
cassiar-gold,2024-01,10,0.44,2024-01-02,british-columbia,10,2.0,Cassiar Gold,GLDC.V,Explorer
cdn-maverick-capital-corp,2025-05,50,21.44,2025-05-15,quebec,10,2.0,cdn-maverick-capital-corp,,
cdn-maverick-capital-corp,2025-06,103,21.44,2025-06-16,quebec,10,2.0,cdn-maverick-capital-corp,,
cdn-maverick-capital-corp,2025-07,170,21.44,2025-07-10,quebec,10,2.0,cdn-maverick-capital-corp,,
cdn-maverick-capital-corp,2025-10,134,21.44,2025-10-30,quebec,10,2.0,cdn-maverick-capital-corp,,
cdn-maverick-capital-corp,2026-04,172,21.44,2026-04-20,quebec,10,2.0,cdn-maverick-capital-corp,,
cdn-maverick-capital-corp,2026-05,90,21.44,2026-05-28,quebec,10,2.0,cdn-maverick-capital-corp,,
cdn-maverick-capital-corp,2026-06,65,21.44,2026-06-19,quebec,10,2.0,cdn-maverick-capital-corp,,
champion-iron,2023-10,41,1.05,2023-10-28,ontario,10,2.0,Champion Iron,CIA.TO,"Producer, Junior"
cleghorn-minerals-ltd,2026-05,91,2.54,2026-05-14,quebec,10,2.0,cleghorn-minerals-ltd,,
coast-copper-corp,2023-12,18,2.95,2023-12-31,british-columbia,10,2.0,coast-copper-corp,,
coast-copper-corp,2024-02,19,2.95,2024-02-22,british-columbia,10,2.0,coast-copper-corp,,
coast-copper-corp,2025-01,17,2.95,2025-01-31,british-columbia,10,2.0,coast-copper-corp,,
coast-copper-corp,2026-02,12,2.95,2026-02-27,british-columbia,10,2.0,coast-copper-corp,,
cobalt-blue-holdings,2025-10,25,7.82,2025-10-01,ontario,10,2.0,Cobalt Blue Holdings,CBBHF,Explorer
cobalt-blue-holdings,2025-11,277,7.82,2025-11-03,ontario,10,2.0,Cobalt Blue Holdings,CBBHF,Explorer
coniagas-battery-metals-inc,2023-12,476,17.82,2023-12-21,quebec,10,2.0,coniagas-battery-metals-inc,,
coniagas-battery-metals-inc,2024-02,55,17.82,2024-02-21,quebec,10,2.0,coniagas-battery-metals-inc,,
coniagas-battery-metals-inc,2026-01,143,17.82,2026-01-31,quebec,10,2.0,coniagas-battery-metals-inc,,
conquest-resources-limited,2023-08,16,2.23,2023-08-25,ontario,10,2.0,conquest-resources-limited,,
conquest-resources-limited,2023-10,35,2.23,2023-10-26,ontario,10,2.0,conquest-resources-limited,,
conquest-resources-limited,2024-08,26,2.23,2024-08-16,ontario,10,2.0,conquest-resources-limited,,
copper-quest-exploration-inc,2026-06,12,1.05,2026-06-03,british-columbia,10,2.0,copper-quest-exploration-inc,,
copper-road-resources-inc,2026-04,46,1.33,2026-04-28,ontario,10,2.0,copper-road-resources-inc,,
core-critical-metals-corp,2026-01,73,1.87,2026-01-19,ontario,10,2.0,core-critical-metals-corp,,
cupani-metals-corp,2024-07,702,20.28,2024-07-22,quebec,10,2.0,cupani-metals-corp,,
cupani-metals-corp,2025-04,44,20.28,2025-04-08,quebec,10,2.0,cupani-metals-corp,,
delta-resources,2026-04,198,5.1,2026-04-16,ontario,10,2.0,Delta Resources Limited,DLTA.V,Explorer
diagnamed-holdings-corp,2025-03,91,2.33,2025-03-17,ontario,10,2.0,diagnamed-holdings-corp,,
dryden-gold,2023-08,396,40.05,2023-08-31,ontario,10,2.0,Dryden Gold Corp,DRY.V,Explorer
dryden-gold,2024-01,380,40.05,2024-01-18,ontario,10,2.0,Dryden Gold Corp,DRY.V,Explorer
dryden-gold,2026-02,349,40.05,2026-02-23,ontario,10,2.0,Dryden Gold Corp,DRY.V,Explorer
dryden-gold,2026-04,275,40.05,2026-04-14,ontario,10,2.0,Dryden Gold Corp,DRY.V,Explorer
eagle-plains-resources,2023-10,14,4.54,2023-10-26,british-columbia,10,2.0,Eagle Plains Resources,EPL.V,"Explorer, Prospect Generator"
eagle-plains-resources,2024-05,14,4.54,2024-05-29,british-columbia,10,2.0,Eagle Plains Resources,EPL.V,"Explorer, Prospect Generator"
eagle-plains-resources,2026-07,12,4.54,2026-07-29,british-columbia,10,2.0,Eagle Plains Resources,EPL.V,"Explorer, Prospect Generator"
eagle-plains-resources,2026-09,29,4.54,2026-09-28,british-columbia,10,2.0,Eagle Plains Resources,EPL.V,"Explorer, Prospect Generator"
egr-exploration-ltd,2026-08,114,2.92,2026-08-11,ontario,10,2.0,egr-exploration-ltd,,
elcora-advanced-materials,2024-06,20,5.05,2024-06-27,ontario,10,2.0,Elcora Advanced Materials,ERA.V,Explorer
elcora-advanced-materials,2024-07,95,5.05,2024-07-22,ontario,10,2.0,Elcora Advanced Materials,ERA.V,Explorer
elcora-advanced-materials,2024-09,20,5.05,2024-09-04,ontario,10,2.0,Elcora Advanced Materials,ERA.V,Explorer
elcora-advanced-materials,2025-05,18,5.05,2025-05-01,ontario,10,2.0,Elcora Advanced Materials,ERA.V,Explorer
elcora-advanced-materials,2025-10,28,5.05,2025-10-09,ontario,10,2.0,Elcora Advanced Materials,ERA.V,Explorer
eldorado-gold,2025-03,31,2.33,2025-03-15,ontario,10,2.0,Eldorado Gold,EGO,"Producer, Mid-tier"
eldorado-gold,2025-05,48,2.33,2025-05-23,ontario,10,2.0,Eldorado Gold,EGO,"Producer, Mid-tier"
emergent-metals-corp,2023-08,32,1.54,2023-08-31,quebec,10,2.0,emergent-metals-corp,,
emergent-metals-corp,2024-04,13,1.54,2024-04-19,quebec,10,2.0,emergent-metals-corp,,
energy-fuels,2024-10,47,4.79,2024-10-24,ontario,10,2.0,Energy Fuels,EFR.TO,"Producer, Junior"
energy-fuels,2024-11,52,4.79,2024-11-04,ontario,10,2.0,Energy Fuels,EFR.TO,"Producer, Junior"
energy-fuels,2024-12,49,4.79,2024-12-17,ontario,10,2.0,Energy Fuels,EFR.TO,"Producer, Junior"
energy-fuels,2025-03,17,4.79,2025-03-25,ontario,10,2.0,Energy Fuels,EFR.TO,"Producer, Junior"
engineer-gold-mines-ltd,2026-06,26,1.05,2026-06-16,british-columbia,10,2.0,engineer-gold-mines-ltd,,
engineer-gold-mines-ltd,2026-07,15,1.05,2026-07-12,british-columbia,10,2.0,engineer-gold-mines-ltd,,
esgold,2024-03,35,9.23,2024-03-29,quebec,10,2.0,ESGold Corp,ESAU.CN,"Producer, Junior"
esgold,2024-04,80,9.23,2024-04-19,quebec,10,2.0,ESGold Corp,ESAU.CN,"Producer, Junior"
esgold,2024-05,35,9.23,2024-05-16,quebec,10,2.0,ESGold Corp,ESAU.CN,"Producer, Junior"
esgold,2026-02,21,9.23,2026-02-27,quebec,10,2.0,ESGold Corp,ESAU.CN,"Producer, Junior"
esgold,2026-03,149,9.23,2026-03-30,quebec,10,2.0,ESGold Corp,ESAU.CN,"Producer, Junior"
eureka-metals-corp,2026-06,23,0.72,2026-06-01,quebec,10,2.0,eureka-metals-corp,,
evolution,2024-04,14,0.36,2024-04-17,ontario,10,2.0,Evolution Mining,EVN.AX,"Producer, Mid-tier"
falco-resources,2023-10,17,1.0,2023-10-10,quebec,10,2.0,Falco Resources,FPC.V,Explorer
falcon-gold,2026-07,46,1.31,2026-07-08,ontario,10,2.0,Falcon Gold Corp.,FG.V,Explorer
fancamp-exploration,2023-08,90,15.33,2023-08-29,quebec,10,2.0,Fancamp Exploration Ltd.,FNC.V,Other
fancamp-exploration,2023-09,65,15.33,2023-09-26,quebec,10,2.0,Fancamp Exploration Ltd.,FNC.V,Other
fancamp-exploration,2023-10,53,15.33,2023-10-03,quebec,10,2.0,Fancamp Exploration Ltd.,FNC.V,Other
fancamp-exploration,2025-01,139,15.33,2025-01-15,quebec,10,2.0,Fancamp Exploration Ltd.,FNC.V,Other
fancamp-exploration,2025-08,136,15.33,2025-08-20,quebec,10,2.0,Fancamp Exploration Ltd.,FNC.V,Other
finlay-minerals-ltd,2025-02,18,0.95,2025-02-28,british-columbia,10,2.0,finlay-minerals-ltd,,
first-canadian-graphite-inc,2026-01,131,5.62,2026-01-15,quebec,10,2.0,first-canadian-graphite-inc,,
first-canadian-graphite-inc,2026-04,16,5.62,2026-04-05,quebec,10,2.0,first-canadian-graphite-inc,,
first-canadian-graphite-inc,2026-05,14,5.62,2026-05-08,quebec,10,2.0,first-canadian-graphite-inc,,
first-canadian-graphite-inc,2026-07,40,5.62,2026-07-28,quebec,10,2.0,first-canadian-graphite-inc,,
first-phosphate-corp,2026-03,186,12.82,2026-03-31,quebec,10,2.0,first-phosphate-corp,,
first-phosphate-corp,2026-05,152,12.82,2026-05-07,quebec,10,2.0,first-phosphate-corp,,
first-phosphate-corp,2026-08,96,12.82,2026-08-25,quebec,10,2.0,first-phosphate-corp,,
first-phosphate-corp,2026-09,31,12.82,2026-09-03,quebec,10,2.0,first-phosphate-corp,,
first-quantum-minerals,2023-11,85,12.31,2023-11-29,ontario,10,2.0,First Quantum Minerals,FM.TO,"Producer, Major"
first-quantum-minerals,2024-01,190,12.31,2024-01-25,ontario,10,2.0,First Quantum Minerals,FM.TO,"Producer, Major"
first-quantum-minerals,2026-01,126,12.31,2026-01-26,ontario,10,2.0,First Quantum Minerals,FM.TO,"Producer, Major"
first-quantum-minerals,2026-09,50,12.31,2026-09-29,ontario,10,2.0,First Quantum Minerals,FM.TO,"Producer, Major"
flow-metals-corp,2026-05,167,4.79,2026-05-21,yukon,10,2.0,flow-metals-corp,,
formation-metals-inc,2025-06,40,1.03,2025-06-03,quebec,10,2.0,formation-metals-inc,,
fox-river-resources-corporation,2023-10,12,0.31,2023-10-04,ontario,10,2.0,fox-river-resources-corporation,,
fpx-nickel,2024-05,336,12.05,2024-05-08,yukon,10,2.0,FPX Nickel,FPX.V,Land Banks
fpx-nickel,2024-11,91,12.05,2024-11-28,british-columbia/yukon,10,2.0,FPX Nickel,FPX.V,Land Banks
freeman-gold,2025-02,20,0.9,2025-02-19,ontario,10,2.0,Freeman Gold,FMAN.V,Explorer
freeman-gold,2025-04,15,0.9,2025-04-04,ontario,10,2.0,Freeman Gold,FMAN.V,Explorer
frontier-lithium-inc,2025-07,12,1.74,2025-07-31,ontario,10,2.0,frontier-lithium-inc,,
frontier-lithium-inc,2025-08,53,1.74,2025-08-07,ontario,10,2.0,frontier-lithium-inc,,
future-fuels-inc,2023-12,51,5.82,2023-12-22,nunavut,10,2.0,future-fuels-inc,,
future-fuels-inc,2024-06,169,5.82,2024-06-15,nunavut,10,2.0,future-fuels-inc,,
g2-goldfields,2026-05,124,10.56,2026-05-26,ontario,10,2.0,G2 Goldfields,GTWO.TO,
g2-goldfields,2026-09,287,10.56,2026-09-11,ontario,10,2.0,G2 Goldfields,GTWO.TO,
generation-mining,2024-01,209,5.51,2024-01-30,ontario,10,2.0,Generation Mining,GENM.TO,Explorer
generic-gold-corp,2026-02,17,3.0,2026-02-26,quebec,10,2.0,generic-gold-corp,,
generic-gold-corp,2026-06,25,3.0,2026-06-19,quebec,10,2.0,generic-gold-corp,,
generic-gold-corp,2026-07,16,3.0,2026-07-08,quebec,10,2.0,generic-gold-corp,,
generic-gold-corp,2026-08,40,3.0,2026-08-20,quebec,10,2.0,generic-gold-corp,,
germanium-mining-corp,2024-01,66,2.92,2024-01-11,quebec,10,2.0,germanium-mining-corp,,
germanium-mining-corp,2025-01,25,2.92,2025-01-13,quebec,10,2.0,germanium-mining-corp,,
germanium-mining-corp,2026-05,18,2.92,2026-05-25,quebec,10,2.0,germanium-mining-corp,,
gfg-resources,2024-11,260,23.46,2024-11-28,ontario,10,2.0,GFG Resources,GFG.V,Explorer
gfg-resources,2026-03,143,23.46,2026-03-16,ontario,10,2.0,GFG Resources,GFG.V,Explorer
gfg-resources,2026-04,477,23.46,2026-04-24,ontario,10,2.0,GFG Resources,GFG.V,Explorer
gladiator-metals,2023-07,74,10.05,2023-07-23,yukon,10,2.0,Gladiator Metals,GLAD.V,Explorer
gladiator-metals,2024-05,274,10.05,2024-05-29,yukon,10,2.0,Gladiator Metals,GLAD.V,Explorer
gladiator-metals,2026-04,21,10.05,2026-04-08,yukon,10,2.0,Gladiator Metals,GLAD.V,Explorer
gladiator-metals,2026-06,22,10.05,2026-06-12,yukon,10,2.0,Gladiator Metals,GLAD.V,Explorer
glencore,2023-07,151,4.77,2023-07-17,quebec,10,2.0,Glencore,GLNCY,"Producer, Major"
glencore,2024-04,25,4.77,2024-04-05,quebec,10,2.0,Glencore,GLNCY,"Producer, Major"
globex-mining-enterprises,2024-09,12,1.41,2024-09-11,ontario,10,2.0,Globex Mining Enterprises,GMX.TO,"Explorer, Prospect Generator"
globex-mining-enterprises,2025-01,12,1.41,2025-01-09,ontario,10,2.0,Globex Mining Enterprises,GMX.TO,"Explorer, Prospect Generator"
globex-mining-enterprises,2026-04,12,1.41,2026-04-26,ontario,10,2.0,Globex Mining Enterprises,GMX.TO,"Explorer, Prospect Generator"
go-metals-corp,2023-10,37,3.69,2023-10-18,quebec,10,2.0,go-metals-corp,,
go-metals-corp,2023-12,67,3.69,2023-12-14,quebec,10,2.0,go-metals-corp,,
go-metals-corp,2025-01,21,3.69,2025-01-02,quebec,10,2.0,go-metals-corp,,
go-metals-corp,2025-06,11,3.69,2025-06-17,quebec,10,2.0,go-metals-corp,,
gold-fields,2025-02,12,3.59,2025-02-16,quebec,10,2.0,Gold Fields,GFI,"Producer, Major"
gold-fields,2025-08,30,3.59,2025-08-31,quebec,10,2.0,Gold Fields,GFI,"Producer, Major"
gold-fields,2025-11,23,3.59,2025-11-09,quebec,10,2.0,Gold Fields,GFI,"Producer, Major"
gold-fields,2026-03,28,3.59,2026-03-13,quebec,10,2.0,Gold Fields,GFI,"Producer, Major"
gold-fields,2026-05,12,3.59,2026-05-14,quebec,10,2.0,Gold Fields,GFI,"Producer, Major"
gold-finder-resources,2025-04,73,1.9,2025-04-17,ontario,10,2.0,Gold Finder Resources,GLD.V,Explorer
gold-strike-resources-corp,2023-07,293,16.95,2023-07-04,yukon,10,2.0,gold-strike-resources-corp,,
gold-strike-resources-corp,2024-07,157,16.95,2024-07-27,yukon,10,2.0,gold-strike-resources-corp,,
gold-strike-resources-corp,2026-07,211,16.95,2026-07-10,yukon,10,2.0,gold-strike-resources-corp,,
golden-arrow,2023-08,21,2.92,2023-08-27,ontario,10,2.0,Golden Arrow,GRG.V,Explorer
golden-arrow,2024-05,13,2.92,2024-05-20,ontario,10,2.0,Golden Arrow,GRG.V,Explorer
golden-arrow,2024-06,34,2.92,2024-06-15,ontario,10,2.0,Golden Arrow,GRG.V,Explorer
golden-arrow,2026-02,11,2.92,2026-02-07,ontario,10,2.0,Golden Arrow,GRG.V,Explorer
golden-cariboo-resources-ltd,2024-09,160,4.31,2024-09-10,british-columbia,10,2.0,golden-cariboo-resources-ltd,,
golden-rapture-mining-corporation,2025-08,20,1.97,2025-08-19,ontario,10,2.0,golden-rapture-mining-corporation,,
golden-rapture-mining-corporation,2025-10,18,1.97,2025-10-01,ontario,10,2.0,golden-rapture-mining-corporation,,
golden-rapture-mining-corporation,2026-02,32,1.97,2026-02-03,ontario,10,2.0,golden-rapture-mining-corporation,,
goldhaven-resources-corp,2024-06,21,1.69,2024-06-05,british-columbia,10,2.0,goldhaven-resources-corp,,
goldhaven-resources-corp,2025-02,16,1.69,2025-02-19,british-columbia,10,2.0,goldhaven-resources-corp,,
goliath-resources,2024-09,15,0.64,2024-09-01,british-columbia,10,2.0,Goliath Resources,GOT.V,Explorer
graphano-energy-ltd,2024-02,48,2.74,2024-02-08,quebec,10,2.0,graphano-energy-ltd,,
graphano-energy-ltd,2024-05,41,2.74,2024-05-24,quebec,10,2.0,graphano-energy-ltd,,
graphano-energy-ltd,2024-06,12,2.74,2024-06-13,quebec,10,2.0,graphano-energy-ltd,,
graycliff-exploration-limited,2026-06,13,0.33,2026-06-02,ontario,10,2.0,graycliff-exploration-limited,,
great-red-lake-gold-corp,2025-07,73,1.87,2025-07-30,ontario,10,2.0,great-red-lake-gold-corp,,
grizzly-discoveries-inc,2023-07,31,1.79,2023-07-09,british-columbia,10,2.0,grizzly-discoveries-inc,,
grizzly-discoveries-inc,2023-08,14,1.79,2023-08-01,british-columbia,10,2.0,grizzly-discoveries-inc,,
grizzly-discoveries-inc,2026-09,22,1.79,2026-09-20,british-columbia,10,2.0,grizzly-discoveries-inc,,
harfang-exploration,2024-09,18,1.54,2024-09-09,quebec,10,2.0,Harfang Exploration,HAR.V,Explorer
harfang-exploration,2025-03,25,1.54,2025-03-03,quebec,10,2.0,Harfang Exploration,HAR.V,Explorer
harfang-exploration,2025-09,14,1.54,2025-09-11,ontario,10,2.0,Harfang Exploration,HAR.V,Explorer
harvest-gold-corp,2024-03,60,1.54,2024-03-11,quebec,10,2.0,harvest-gold-corp,,
heritage-mining-ltd,2023-12,105,18.36,2023-12-19,ontario,10,2.0,heritage-mining-ltd,,
heritage-mining-ltd,2024-01,61,18.36,2024-01-10,ontario,10,2.0,heritage-mining-ltd,,
heritage-mining-ltd,2024-05,83,18.36,2024-05-29,ontario,10,2.0,heritage-mining-ltd,,
heritage-mining-ltd,2024-09,57,18.36,2024-09-20,ontario,10,2.0,heritage-mining-ltd,,
heritage-mining-ltd,2024-11,169,18.36,2024-11-19,ontario,10,2.0,heritage-mining-ltd,,
heritage-mining-ltd,2025-08,184,18.36,2025-08-14,ontario,10,2.0,heritage-mining-ltd,,
honey-badger-silver,2024-03,69,5.87,2024-03-01,yukon,10,2.0,Honey Badger Silver,TUF.V,Explorer
honey-badger-silver,2025-07,71,5.87,2025-07-10,yukon,10,2.0,Honey Badger Silver,TUF.V,Explorer
honey-badger-silver,2025-10,74,5.87,2025-10-10,yukon,10,2.0,Honey Badger Silver,TUF.V,Explorer
iamgold,2023-09,61,8.9,2023-09-28,ontario/quebec,10,2.0,IAMGOLD,IAG,"Producer, Mid-tier"
iamgold,2024-10,22,8.9,2024-10-11,quebec,10,2.0,IAMGOLD,IAG,"Producer, Mid-tier"
iamgold,2025-03,22,8.9,2025-03-20,quebec,10,2.0,IAMGOLD,IAG,"Producer, Mid-tier"
iamgold,2025-07,21,8.9,2025-07-06,quebec,10,2.0,IAMGOLD,IAG,"Producer, Mid-tier"
iamgold,2026-04,181,8.9,2026-04-14,ontario,10,2.0,IAMGOLD,IAG,"Producer, Mid-tier"
independence-gold,2025-02,10,0.56,2025-02-20,british-columbia,10,2.0,Independence Gold,IGO.V,Explorer
independence-gold,2025-03,10,0.56,2025-03-21,british-columbia,10,2.0,Independence Gold,IGO.V,Explorer
infinico-metals-corp,2024-01,141,3.69,2024-01-26,quebec,10,2.0,infinico-metals-corp,,
inomin-mines-inc,2024-11,16,0.49,2024-11-20,british-columbia,10,2.0,inomin-mines-inc,,
international-tower-hill,2023-09,23,9.51,2023-09-08,ontario,10,2.0,International Tower Hill,ITH.TO,Land Banks
international-tower-hill,2024-08,39,9.51,2024-08-09,ontario,10,2.0,International Tower Hill,ITH.TO,Land Banks
international-tower-hill,2024-12,29,9.51,2024-12-18,ontario,10,2.0,International Tower Hill,ITH.TO,Land Banks
international-tower-hill,2025-01,25,9.51,2025-01-08,ontario,10,2.0,International Tower Hill,ITH.TO,Land Banks
international-tower-hill,2025-04,41,9.51,2025-04-20,ontario,10,2.0,International Tower Hill,ITH.TO,Land Banks
international-tower-hill,2025-06,25,9.51,2025-06-03,ontario,10,2.0,International Tower Hill,ITH.TO,Land Banks
international-tower-hill,2025-09,63,9.51,2025-09-30,ontario,10,2.0,International Tower Hill,ITH.TO,Land Banks
international-tower-hill,2026-04,60,9.51,2026-04-20,ontario,10,2.0,International Tower Hill,ITH.TO,Land Banks
inventus-mining,2026-05,96,4.54,2026-05-28,ontario,10,2.0,Inventus Mining,IVS.V,Explorer
inventus-mining,2026-08,81,4.54,2026-08-25,ontario,10,2.0,Inventus Mining,IVS.V,Explorer
j2-metals-inc,2026-08,11,0.28,2026-08-18,quebec,10,2.0,j2-metals-inc,,
k2-gold,2026-02,602,26.77,2026-02-26,yukon,10,2.0,K2 Gold,KTO.V,Explorer
k2-gold,2026-03,442,26.77,2026-03-11,yukon,10,2.0,K2 Gold,KTO.V,Explorer
kenorland-minerals,2025-02,7567,1432.74,2025-02-24,ontario,10,2.0,Kenorland Minerals,KLD.V,"Explorer, Prospect Generator"
kenorland-minerals,2025-07,5315,1432.74,2025-07-27,ontario,10,2.0,Kenorland Minerals,KLD.V,"Explorer, Prospect Generator"
kenorland-minerals,2025-10,12073,1432.74,2025-10-27,ontario,10,2.0,Kenorland Minerals,KLD.V,"Explorer, Prospect Generator"
kenorland-minerals,2025-12,8552,1432.74,2025-12-26,ontario,10,2.0,Kenorland Minerals,KLD.V,"Explorer, Prospect Generator"
kenorland-minerals,2026-02,4052,1432.74,2026-02-26,ontario,10,2.0,Kenorland Minerals,KLD.V,"Explorer, Prospect Generator"
kenorland-minerals,2026-08,5070,1432.74,2026-08-27,ontario,10,2.0,Kenorland Minerals,KLD.V,"Explorer, Prospect Generator"
kiboko-gold-inc,2026-06,101,2.59,2026-06-01,quebec,10,2.0,kiboko-gold-inc,,
kinross,2023-11,34,12.72,2023-11-27,ontario,10,2.0,Kinross Gold,KGC,"Producer, Major"
kinross,2024-08,340,12.72,2024-08-31,ontario,10,2.0,Kinross Gold,KGC,"Producer, Major"
kinross,2024-09,62,12.72,2024-09-03,ontario,10,2.0,Kinross Gold,KGC,"Producer, Major"
kirkland-lake-discoveries,2024-10,21,2.23,2024-10-22,ontario,10,2.0,Kirkland Lake Discoveries,KLDC.V,Explorer
kirkland-lake-discoveries,2025-06,12,2.23,2025-06-10,ontario,10,2.0,Kirkland Lake Discoveries,KLDC.V,Explorer
kirkland-lake-discoveries,2026-04,25,2.23,2026-04-11,ontario,10,2.0,Kirkland Lake Discoveries,KLDC.V,Explorer
kootenay-silver,2024-09,19,1.18,2024-09-05,british-columbia,10,2.0,Kootenay Silver,KTN.V,Explorer
lake-victoria-gold,2025-09,392,11.59,2025-09-30,ontario,10,2.0,Lake Victoria Gold,LVG.V,Explorer
lake-victoria-gold,2025-10,24,11.59,2025-10-01,ontario,10,2.0,Lake Victoria Gold,LVG.V,Explorer
leopard-lake-gold-corp,2025-01,24,4.08,2025-01-14,quebec,10,2.0,leopard-lake-gold-corp,,
leopard-lake-gold-corp,2025-04,11,4.08,2025-04-24,quebec,10,2.0,leopard-lake-gold-corp,,
leopard-lake-gold-corp,2025-11,44,4.08,2025-11-29,quebec,10,2.0,leopard-lake-gold-corp,,
leopard-lake-gold-corp,2025-12,12,4.08,2025-12-12,quebec,10,2.0,leopard-lake-gold-corp,,
leopard-lake-gold-corp,2026-01,21,4.08,2026-01-29,quebec,10,2.0,leopard-lake-gold-corp,,
leopard-lake-gold-corp,2026-02,18,4.08,2026-02-27,quebec,10,2.0,leopard-lake-gold-corp,,
lightning-resources-corp,2024-10,14,0.72,2024-10-28,ontario,10,2.0,lightning-resources-corp,,
linear-minerals-corp,2024-03,20,0.82,2024-03-20,quebec,10,2.0,linear-minerals-corp,,
lomiko-metals,2024-10,33,1.38,2024-10-23,quebec,10,2.0,Lomiko Metals,LMR.V,Explorer
loyalist-exploration-limited,2026-04,26,0.67,2026-04-10,ontario,10,2.0,loyalist-exploration-limited,,
magna-terra-minerals-inc,2024-07,10,0.74,2024-07-15,newfoundland,10,2.0,magna-terra-minerals-inc,,
major-drilling-group-international,2024-10,26,0.85,2024-10-30,ontario,10,2.0,Major Drilling Group International,MDI.TO,Other
maple-gold-mines,2025-03,11,0.28,2025-03-07,quebec,10,2.0,Maple Gold Mines,MGM.V,Explorer
max-power-mining-corp,2024-03,21,5.72,2024-03-18,quebec,10,2.0,max-power-mining-corp,,
max-power-mining-corp,2024-05,132,5.72,2024-05-03,quebec,10,2.0,max-power-mining-corp,,
max-power-mining-corp,2024-09,47,5.72,2024-09-23,quebec,10,2.0,max-power-mining-corp,,
max-power-mining-corp,2024-10,21,5.72,2024-10-10,quebec,10,2.0,max-power-mining-corp,,
mcfarlane-lake-mining,2025-04,62,1.77,2025-04-30,ontario,10,2.0,McFarlane Lake Mining,MLM.CN,Explorer
metal-energy,2025-05,348,148.08,2025-05-29,newfoundland/ontario,10,2.0,Metal Energy,MERG.V,Explorer
metal-energy,2025-10,822,148.08,2025-10-31,ontario,10,2.0,Metal Energy,MERG.V,Explorer
metal-energy,2025-11,1393,148.08,2025-11-28,ontario,10,2.0,Metal Energy,MERG.V,Explorer
metal-energy,2026-02,379,148.08,2026-02-28,ontario,10,2.0,Metal Energy,MERG.V,Explorer
metal-energy,2026-06,1207,148.08,2026-06-30,ontario,10,2.0,Metal Energy,MERG.V,Explorer
metalquest-mining-inc,2025-10,569,15.21,2025-10-16,quebec,10,2.0,metalquest-mining-inc,,
metals-creek-resources-corp,2026-02,30,0.82,2026-02-12,newfoundland/ontario,10,2.0,metals-creek-resources-corp,,
midland-exploration,2024-06,210,67.92,2024-06-14,quebec,10,2.0,Midland Exploration,MD.V,"Explorer, Prospect Generator"
midland-exploration,2024-07,592,67.92,2024-07-10,quebec,10,2.0,Midland Exploration,MD.V,"Explorer, Prospect Generator"
midland-exploration,2024-10,195,67.92,2024-10-27,quebec,10,2.0,Midland Exploration,MD.V,"Explorer, Prospect Generator"
midland-exploration,2025-03,172,67.92,2025-03-30,quebec,10,2.0,Midland Exploration,MD.V,"Explorer, Prospect Generator"
midland-exploration,2025-08,276,67.92,2025-08-27,quebec,10,2.0,Midland Exploration,MD.V,"Explorer, Prospect Generator"
midland-exploration,2025-09,299,67.92,2025-09-09,quebec,10,2.0,Midland Exploration,MD.V,"Explorer, Prospect Generator"
mineral-road-discovery-inc,2024-07,110,7.87,2024-07-26,quebec,10,2.0,mineral-road-discovery-inc,,
mineral-road-discovery-inc,2025-07,168,7.87,2025-07-29,quebec,10,2.0,mineral-road-discovery-inc,,
mink-ventures-corporation,2023-08,34,3.08,2023-08-25,ontario,10,2.0,mink-ventures-corporation,,
mink-ventures-corporation,2026-05,25,3.08,2026-05-11,ontario,10,2.0,mink-ventures-corporation,,
mink-ventures-corporation,2026-08,56,3.08,2026-08-19,ontario,10,2.0,mink-ventures-corporation,,
mundoro-capital,2025-11,17,2.82,2025-11-07,ontario,10,2.0,Mundoro Capital,MUN.V,"Explorer, Prospect Generator"
mundoro-capital,2026-03,92,2.82,2026-03-17,ontario,10,2.0,Mundoro Capital,MUN.V,"Explorer, Prospect Generator"
naughty-ventures-corp,2025-10,102,6.08,2025-10-15,yukon,10,2.0,naughty-ventures-corp,,
naughty-ventures-corp,2025-12,130,6.08,2025-12-16,quebec,10,2.0,naughty-ventures-corp,,
neotech-metals-corp,2023-07,14,0.64,2023-07-16,british-columbia,10,2.0,neotech-metals-corp,,
neotech-metals-corp,2024-01,10,0.64,2024-01-28,british-columbia,10,2.0,neotech-metals-corp,,
neoterrex-minerals-inc,2024-01,58,24.85,2024-01-30,quebec,10,2.0,neoterrex-minerals-inc,,
neoterrex-minerals-inc,2024-05,63,24.85,2024-05-30,quebec,10,2.0,neoterrex-minerals-inc,,
neoterrex-minerals-inc,2024-06,113,24.85,2024-06-27,quebec,10,2.0,neoterrex-minerals-inc,,
neoterrex-minerals-inc,2024-07,57,24.85,2024-07-25,quebec,10,2.0,neoterrex-minerals-inc,,
neoterrex-minerals-inc,2026-01,94,24.85,2026-01-15,quebec,10,2.0,neoterrex-minerals-inc,,
neoterrex-minerals-inc,2026-08,60,24.85,2026-08-28,quebec,10,2.0,neoterrex-minerals-inc,,
new-age-metals,2025-10,1342,104.9,2025-10-09,ontario,10,2.0,New Age Metals,NAM.V,Explorer
new-age-metals,2025-11,940,104.9,2025-11-18,newfoundland/ontario,10,2.0,New Age Metals,NAM.V,Explorer
new-age-metals,2025-12,834,104.9,2025-12-19,ontario,10,2.0,New Age Metals,NAM.V,Explorer
new-age-metals,2026-02,757,104.9,2026-02-04,ontario,10,2.0,New Age Metals,NAM.V,Explorer
new-break-resources-ltd,2023-07,122,24.95,2023-07-27,ontario,10,2.0,new-break-resources-ltd,,
new-break-resources-ltd,2024-07,87,24.95,2024-07-21,ontario,10,2.0,new-break-resources-ltd,,
new-break-resources-ltd,2024-09,241,24.95,2024-09-30,ontario,10,2.0,new-break-resources-ltd,,
new-break-resources-ltd,2025-11,188,24.95,2025-11-13,ontario,10,2.0,new-break-resources-ltd,,
new-gold,2025-12,35,1.62,2025-12-08,ontario,10,2.0,New Gold,NGD.TO,"Producer, Junior"
new-gold,2026-01,24,1.62,2026-01-04,ontario,10,2.0,New Gold,NGD.TO,"Producer, Junior"
newpath-resources-inc,2023-11,16,0.41,2023-11-18,ontario,10,2.0,newpath-resources-inc,,
nickel-creek-platinum,2024-08,106,16.64,2024-08-12,ontario,10,2.0,Nickel Creek Platinum,NCP.V,Explorer
nickel-creek-platinum,2025-08,389,16.64,2025-08-29,ontario,10,2.0,Nickel Creek Platinum,NCP.V,Explorer
noble-mineral-exploration,2025-04,44,1.21,2025-04-02,ontario,10,2.0,Noble Mineral Exploration Inc.,NOB.V,Explorer
nord-precious-metals,2025-05,10,0.72,2025-05-13,ontario,10,2.0,Nord Precious Metals,NTH.V,Explorer
nord-precious-metals,2026-05,12,0.72,2026-05-04,ontario,10,2.0,Nord Precious Metals,NTH.V,Explorer
nortec-minerals-corp,2025-11,43,3.74,2025-11-12,ontario,10,2.0,nortec-minerals-corp,,
nortec-minerals-corp,2026-03,94,3.74,2026-03-02,ontario,10,2.0,nortec-minerals-corp,,
north-american-niobium-and-critical-minerals-corp,2025-09,401,19.15,2025-09-11,quebec,10,2.0,north-american-niobium-and-critical-minerals-corp,,
north-american-niobium-and-critical-minerals-corp,2025-11,96,19.15,2025-11-26,quebec,10,2.0,north-american-niobium-and-critical-minerals-corp,,
north-american-niobium-and-critical-minerals-corp,2026-03,142,19.15,2026-03-21,quebec,10,2.0,north-american-niobium-and-critical-minerals-corp,,
nouveau-monde-graphite,2023-12,48,3.36,2023-12-20,quebec,10,2.0,Nouveau Monde Graphite,NOU.TO,Explorer
nouveau-monde-graphite,2024-03,74,3.36,2024-03-20,quebec,10,2.0,Nouveau Monde Graphite,NOU.TO,Explorer
nuvau-minerals-inc,2023-11,93,6.1,2023-11-30,quebec,10,2.0,nuvau-minerals-inc,,
nuvau-minerals-inc,2025-06,19,6.1,2025-06-13,quebec,10,2.0,nuvau-minerals-inc,,
nuvau-minerals-inc,2025-08,98,6.1,2025-08-19,quebec,10,2.0,nuvau-minerals-inc,,
nuvau-minerals-inc,2025-12,19,6.1,2025-12-05,quebec,10,2.0,nuvau-minerals-inc,,
oceanic-iron-ore-corp,2023-11,16,6.18,2023-11-20,quebec,10,2.0,oceanic-iron-ore-corp,,
oceanic-iron-ore-corp,2024-01,14,6.18,2024-01-08,quebec,10,2.0,oceanic-iron-ore-corp,,
oceanic-iron-ore-corp,2024-04,65,6.18,2024-04-24,quebec,10,2.0,oceanic-iron-ore-corp,,
oceanic-iron-ore-corp,2024-08,67,6.18,2024-08-19,quebec,10,2.0,oceanic-iron-ore-corp,,
oceanic-iron-ore-corp,2024-10,13,6.18,2024-10-27,quebec,10,2.0,oceanic-iron-ore-corp,,
oceanic-iron-ore-corp,2024-11,21,6.18,2024-11-24,quebec,10,2.0,oceanic-iron-ore-corp,,
oceanic-iron-ore-corp,2026-05,15,6.18,2026-05-27,quebec,10,2.0,oceanic-iron-ore-corp,,
ongold-resources,2025-09,487,22.28,2025-09-11,ontario,10,2.0,ONGold Resources Ltd,ONAU.V,Explorer
ongold-resources,2025-11,327,22.28,2025-11-24,ontario,10,2.0,ONGold Resources Ltd,ONAU.V,Explorer
opawica-explorations-inc,2023-11,11,0.28,2023-11-14,quebec,10,2.0,opawica-explorations-inc,,
osisko-metals,2024-02,33,2.77,2024-02-14,quebec,10,2.0,Osisko Metals,OM.TO,Explorer
osisko-metals,2024-05,28,2.77,2024-05-06,quebec,10,2.0,Osisko Metals,OM.TO,Explorer
osisko-metals,2026-04,39,2.77,2026-04-20,quebec,10,2.0,Osisko Metals,OM.TO,Explorer
petrolympic-ltd,2025-11,62,1.82,2025-11-27,quebec,10,2.0,petrolympic-ltd,,
pirate-gold,2025-11,10,1.74,2025-11-20,newfoundland,10,2.0,Pirate Gold,YARR.V,Explorer
pjx-resources-inc,2023-10,18,0.54,2023-10-21,british-columbia,10,2.0,pjx-resources-inc,,
power-metals,2026-02,16,0.46,2026-02-26,ontario,10,2.0,Power Metals,PWM.V,Explorer
probe-gold,2024-06,28,10.23,2024-06-10,quebec,10,2.0,Probe Gold,PRB.TO,
probe-gold,2024-09,55,10.23,2024-09-24,quebec,10,2.0,Probe Gold,PRB.TO,
probe-gold,2024-10,63,10.23,2024-10-03,quebec,10,2.0,Probe Gold,PRB.TO,
probe-gold,2024-11,21,10.23,2024-11-28,quebec,10,2.0,Probe Gold,PRB.TO,
probe-gold,2024-12,52,10.23,2024-12-03,quebec,10,2.0,Probe Gold,PRB.TO,
probe-gold,2025-02,64,10.23,2025-02-26,quebec,10,2.0,Probe Gold,PRB.TO,
probe-gold,2026-08,31,10.23,2026-08-26,quebec,10,2.0,Probe Gold,PRB.TO,
prospector-metals,2025-07,296,7.67,2025-07-16,yukon,10,2.0,Prospector Metals Corp.,PPP.V,Explorer
prosper-gold-corp,2024-01,16,0.41,2024-01-06,british-columbia,10,2.0,prosper-gold-corp,,
ptx-metals-inc,2025-09,141,4.49,2025-09-26,quebec,10,2.0,ptx-metals-inc,,
ptx-metals-inc,2025-10,34,4.49,2025-10-02,quebec,10,2.0,ptx-metals-inc,,
q2-metals,2023-07,23,1.46,2023-07-13,quebec,10,2.0,Q2 Metals,QTWO.V,Explorer
q2-metals,2024-10,34,1.46,2024-10-01,quebec,10,2.0,Q2 Metals,QTWO.V,Explorer
quantum-critical-metals-corp,2025-06,17,1.77,2025-06-30,quebec,10,2.0,quantum-critical-metals-corp,,
quantum-critical-metals-corp,2026-03,26,1.77,2026-03-17,quebec,10,2.0,quantum-critical-metals-corp,,
quebec-innovative-materials-corp,2024-10,142,6.92,2024-10-31,quebec,10,2.0,quebec-innovative-materials-corp,,
quebec-innovative-materials-corp,2024-11,34,6.92,2024-11-20,quebec,10,2.0,quebec-innovative-materials-corp,,
quebec-innovative-materials-corp,2025-06,56,6.92,2025-06-20,quebec,10,2.0,quebec-innovative-materials-corp,,
quebec-innovative-materials-corp,2025-07,16,6.92,2025-07-16,quebec,10,2.0,quebec-innovative-materials-corp,,
record-resources-inc,2024-10,21,0.54,2024-10-23,ontario,10,2.0,record-resources-inc,,
red-canyon-resources,2024-06,32,3.85,2024-06-16,ontario,10,2.0,Red Canyon Resources,REDC.CN,Explorer
red-canyon-resources,2024-09,14,3.85,2024-09-15,british-columbia/ontario,10,2.0,Red Canyon Resources,REDC.CN,Explorer
red-canyon-resources,2025-07,68,3.85,2025-07-23,ontario,10,2.0,Red Canyon Resources,REDC.CN,Explorer
red-canyon-resources,2026-06,17,3.85,2026-06-10,british-columbia,10,2.0,Red Canyon Resources,REDC.CN,Explorer
renegade-gold,2025-09,211,30.56,2025-09-11,ontario,10,2.0,Renegade Gold,RAGE.V,Explorer
renegade-gold,2026-01,73,30.56,2026-01-27,ontario,10,2.0,Renegade Gold,RAGE.V,Explorer
renegade-gold,2026-02,97,30.56,2026-02-04,ontario,10,2.0,Renegade Gold,RAGE.V,Explorer
renegade-gold,2026-04,766,30.56,2026-04-17,ontario,10,2.0,Renegade Gold,RAGE.V,Explorer
renforth-resources-inc,2023-09,35,10.69,2023-09-25,quebec,10,2.0,renforth-resources-inc,,
renforth-resources-inc,2026-02,348,10.69,2026-02-11,quebec,10,2.0,renforth-resources-inc,,
renforth-resources-inc,2026-03,23,10.69,2026-03-09,quebec,10,2.0,renforth-resources-inc,,
rev-exploration-corp,2025-12,28,2.49,2025-12-29,quebec,10,2.0,rev-exploration-corp,,
rev-exploration-corp,2026-01,22,2.49,2026-01-24,quebec,10,2.0,rev-exploration-corp,,
rev-exploration-corp,2026-02,27,2.49,2026-02-28,quebec,10,2.0,rev-exploration-corp,,
rev-exploration-corp,2026-03,18,2.49,2026-03-21,quebec,10,2.0,rev-exploration-corp,,
rio-tinto,2023-08,69,5.08,2023-08-17,quebec,10,2.0,Rio Tinto,RIO,"Producer, Major"
rio-tinto,2023-09,80,5.08,2023-09-14,quebec,10,2.0,Rio Tinto,RIO,"Producer, Major"
rio-tinto,2025-03,43,5.08,2025-03-04,quebec,10,2.0,Rio Tinto,RIO,"Producer, Major"
rjk-explorations-ltd,2024-10,28,4.74,2024-10-08,ontario,10,2.0,rjk-explorations-ltd,,
rjk-explorations-ltd,2025-02,14,4.74,2025-02-25,ontario,10,2.0,rjk-explorations-ltd,,
rjk-explorations-ltd,2025-05,19,4.74,2025-05-07,ontario,10,2.0,rjk-explorations-ltd,,
rjk-explorations-ltd,2025-09,16,4.74,2025-09-19,ontario,10,2.0,rjk-explorations-ltd,,
rjk-explorations-ltd,2025-10,12,4.74,2025-10-22,ontario,10,2.0,rjk-explorations-ltd,,
rjk-explorations-ltd,2026-04,43,4.74,2026-04-22,ontario,10,2.0,rjk-explorations-ltd,,
rjk-explorations-ltd,2026-07,15,4.74,2026-07-28,ontario,10,2.0,rjk-explorations-ltd,,
rocky-shore-gold-ltd,2024-04,13,1.54,2024-04-24,newfoundland,10,2.0,rocky-shore-gold-ltd,,
rocky-shore-gold-ltd,2024-09,23,1.54,2024-09-12,newfoundland,10,2.0,rocky-shore-gold-ltd,,
route-109-resources-inc,2024-11,21,2.77,2024-11-05,quebec,10,2.0,route-109-resources-inc,,
route-109-resources-inc,2025-04,61,2.77,2025-04-14,quebec,10,2.0,route-109-resources-inc,,
route-109-resources-inc,2025-06,26,2.77,2025-06-25,quebec,10,2.0,route-109-resources-inc,,
rpx-gold,2026-03,24,0.77,2026-03-13,ontario,10,2.0,RPX Gold Inc.,RPX.V,Explorer
rt-minerals-corp,2023-07,194,6.05,2023-07-13,ontario,10,2.0,rt-minerals-corp,,
rt-minerals-corp,2024-12,29,6.05,2024-12-19,ontario,10,2.0,rt-minerals-corp,,
rt-minerals-corp,2025-06,13,6.05,2025-06-27,ontario,10,2.0,rt-minerals-corp,,
rupert-resources,2025-09,23,1.0,2025-09-29,ontario,10,2.0,Rupert Resources,RUP.TO,Explorer
rupert-resources,2025-10,16,1.0,2025-10-27,ontario,10,2.0,Rupert Resources,RUP.TO,Explorer
rush-rare-metals-corp,2023-09,43,1.21,2023-09-25,quebec,10,2.0,rush-rare-metals-corp,,
saga-metals-corp,2023-08,296,12.56,2023-08-15,quebec,10,2.0,saga-metals-corp,,
saga-metals-corp,2026-02,43,12.56,2026-02-13,quebec,10,2.0,saga-metals-corp,,
saga-metals-corp,2026-03,112,12.56,2026-03-09,quebec,10,2.0,saga-metals-corp,,
saga-metals-corp,2026-07,34,12.56,2026-07-28,quebec,10,2.0,saga-metals-corp,,
sienna-resources-inc,2024-04,50,3.85,2024-04-02,ontario,10,2.0,sienna-resources-inc,,
sienna-resources-inc,2024-06,100,3.85,2024-06-28,ontario,10,2.0,sienna-resources-inc,,
sierra-madre-gold-and-silver,2024-01,23,0.85,2024-01-29,ontario,10,2.0,Sierra Madre Gold and Silver,SM.V,Explorer
signature-resources,2026-03,156,4.13,2026-03-18,ontario,10,2.0,Signature Resources,SGU.V,Explorer
silver-spruce-resources,2024-02,22,0.56,2024-02-09,ontario,10,2.0,Silver Spruce Resources,SSE.V,Explorer
silver-storm-mining,2026-05,80,2.44,2026-05-26,ontario,10,2.0,Silver Storm Mining,SVRS.V,Explorer
sitka-gold,2023-12,58,4.67,2023-12-17,yukon,10,2.0,Sitka Gold,SIG.V,"Explorer, Success In Progress"
sitka-gold,2025-08,120,4.67,2025-08-14,yukon,10,2.0,Sitka Gold,SIG.V,"Explorer, Success In Progress"
solstice-minerals,2023-10,30,8.23,2023-10-31,ontario,10,2.0,Solstice Minerals Limited,SLS.AX,Explorer
solstice-minerals,2025-04,221,8.23,2025-04-13,ontario,10,2.0,Solstice Minerals Limited,SLS.AX,Explorer
solstice-minerals,2026-02,22,8.23,2026-02-25,ontario,10,2.0,Solstice Minerals Limited,SLS.AX,Explorer
sparton-resources-inc,2024-10,10,0.46,2024-10-23,ontario,10,2.0,sparton-resources-inc,,
srq-resources-inc,2023-07,29,10.51,2023-07-05,quebec,10,2.0,srq-resources-inc,,
srq-resources-inc,2023-08,31,10.51,2023-08-15,quebec,10,2.0,srq-resources-inc,,
srq-resources-inc,2023-11,37,10.51,2023-11-06,quebec,10,2.0,srq-resources-inc,,
srq-resources-inc,2024-02,45,10.51,2024-02-06,quebec,10,2.0,srq-resources-inc,,
srq-resources-inc,2024-06,78,10.51,2024-06-27,quebec,10,2.0,srq-resources-inc,,
srq-resources-inc,2025-07,55,10.51,2025-07-10,quebec,10,2.0,srq-resources-inc,,
srq-resources-inc,2025-10,24,10.51,2025-10-03,quebec,10,2.0,srq-resources-inc,,
stakeholder-gold,2026-04,61,5.38,2026-04-25,yukon,10,2.0,Stakeholder Gold,SRC.V,Explorer
stakeholder-gold,2026-05,149,5.38,2026-05-31,yukon,10,2.0,Stakeholder Gold,SRC.V,Explorer
stardust-metal,2026-08,67,1.72,2026-08-14,ontario,10,2.0,Stardust Metal,ZIGY.CN,Explorer
sterling-metals,2026-06,23,0.95,2026-06-10,ontario,10,2.0,Sterling Metals,SAG.V,Explorer
stillwater-critical-minerals,2023-08,19,0.49,2023-08-26,yukon,10,2.0,Stillwater Critical Minerals,PGE.V,Explorer
stllr-gold,2024-01,17,1.67,2024-01-24,ontario,10,2.0,STLLR Gold,STLR.TO,Explorer
stllr-gold,2024-04,33,1.67,2024-04-26,ontario,10,2.0,STLLR Gold,STLR.TO,Explorer
strategic-metals,2024-04,16,4.33,2024-04-05,yukon,10,2.0,Strategic Metals,SMD.V,"Explorer, Prospect Generator"
strategic-metals,2024-05,45,4.33,2024-05-30,yukon,10,2.0,Strategic Metals,SMD.V,"Explorer, Prospect Generator"
strategic-metals,2024-07,76,4.33,2024-07-08,yukon,10,2.0,Strategic Metals,SMD.V,"Explorer, Prospect Generator"
strategic-metals,2026-03,26,4.33,2026-03-27,yukon,10,2.0,Strategic Metals,SMD.V,"Explorer, Prospect Generator"
strategx-elements-corp,2025-02,10,0.28,2025-02-28,nunavut,10,2.0,strategx-elements-corp,,
surge-copper,2025-01,19,0.56,2025-01-30,british-columbia,10,2.0,Surge Copper,SURG.V,Explorer
targa-exploration,2023-12,466,20.69,2023-12-22,quebec,10,2.0,Targa Exploration,TEX.CN,Explorer
targa-exploration,2024-01,341,20.69,2024-01-10,quebec,10,2.0,Targa Exploration,TEX.CN,Explorer
teck-resources,2026-03,175,4.56,2026-03-14,ontario,10,2.0,Teck Resources,TECK,"Producer, Major"
temas-resources-corp,2024-03,23,1.0,2024-03-18,quebec,10,2.0,temas-resources-corp,,
thesis-gold-silver-inc,2023-10,17,1.13,2023-10-26,british-columbia,10,2.0,thesis-gold-silver-inc,,
thesis-gold-silver-inc,2024-01,25,1.13,2024-01-21,british-columbia,10,2.0,thesis-gold-silver-inc,,
tomagold-corporation,2025-10,49,1.26,2025-10-06,quebec,10,2.0,tomagold-corporation,,
torr-metals-inc,2023-09,10,0.54,2023-09-22,british-columbia,10,2.0,torr-metals-inc,,
total-metals,2025-04,19,0.54,2025-04-16,ontario,10,2.0,Total Metals Corp.,TT.V,Explorer
transition-metals,2023-09,18,8.38,2023-09-21,yukon,10,2.0,Transition Metals,XTM.V,Explorer
transition-metals,2024-09,25,8.38,2024-09-08,british-columbia/ontario,10,2.0,Transition Metals,XTM.V,Explorer
transition-metals,2026-04,97,8.38,2026-04-13,ontario,10,2.0,Transition Metals,XTM.V,Explorer
transition-metals,2026-05,104,8.38,2026-05-27,british-columbia/ontario,10,2.0,Transition Metals,XTM.V,Explorer
transition-metals,2026-06,83,8.38,2026-06-24,ontario,10,2.0,Transition Metals,XTM.V,Explorer
trojan-gold-inc,2024-12,13,0.33,2024-12-15,ontario,10,2.0,trojan-gold-inc,,
troubadour-resources-inc,2024-06,16,1.46,2024-06-27,quebec,10,2.0,troubadour-resources-inc,,
troubadour-resources-inc,2024-08,41,1.46,2024-08-14,quebec,10,2.0,troubadour-resources-inc,,
velox-energy-materials-inc,2023-10,66,1.69,2023-10-24,quebec,10,2.0,velox-energy-materials-inc,,
viridian-metals-inc,2025-02,43,1.18,2025-02-06,newfoundland,10,2.0,viridian-metals-inc,,
visible-gold-mines-inc,2023-12,50,18.44,2023-12-05,quebec,10,2.0,visible-gold-mines-inc,,
visible-gold-mines-inc,2025-10,168,18.44,2025-10-21,quebec,10,2.0,visible-gold-mines-inc,,
visible-gold-mines-inc,2026-07,121,18.44,2026-07-28,quebec,10,2.0,visible-gold-mines-inc,,
visible-gold-mines-inc,2026-09,199,18.44,2026-09-28,quebec,10,2.0,visible-gold-mines-inc,,
vision-lithium-inc,2025-04,27,0.9,2025-04-12,quebec,10,2.0,vision-lithium-inc,,
vista-gold,2026-05,49,1.95,2026-05-30,ontario,10,2.0,Vista Gold,VGZ.TO,Developer
vista-gold,2026-06,25,1.95,2026-06-01,ontario,10,2.0,Vista Gold,VGZ.TO,Developer
vizsla-copper,2026-07,15,0.79,2026-07-16,british-columbia,10,2.0,Vizsla Copper,VCU.V,Explorer
vr-resources,2024-01,16,1.59,2024-01-12,ontario,10,2.0,VR Resources,VRR.V,Explorer
vr-resources,2024-02,10,1.59,2024-02-29,ontario,10,2.0,VR Resources,VRR.V,Explorer
vr-resources,2024-09,11,1.59,2024-09-28,ontario,10,2.0,VR Resources,VRR.V,Explorer
vr-resources,2025-11,14,1.59,2025-11-03,ontario,10,2.0,VR Resources,VRR.V,Explorer
vulcan-minerals,2026-07,10,0.41,2026-07-29,british-columbia,10,2.0,Vulcan Minerals,VUL.V,Explorer
walker-lane-resources,2024-03,16,1.31,2024-03-08,ontario,10,2.0,Walker Lane Resources,WLR.V,Explorer
walker-lane-resources,2024-04,12,1.31,2024-04-15,ontario,10,2.0,Walker Lane Resources,WLR.V,Explorer
walker-lane-resources,2026-04,13,1.31,2026-04-30,ontario,10,2.0,Walker Lane Resources,WLR.V,Explorer
wesdome-gold-mines,2024-06,22,9.74,2024-06-04,ontario,10,2.0,Wesdome,WDO.TO,"Producer, Junior"
wesdome-gold-mines,2025-04,39,9.74,2025-04-05,ontario,10,2.0,Wesdome,WDO.TO,"Producer, Junior"
wesdome-gold-mines,2026-05,315,9.74,2026-05-06,ontario,10,2.0,Wesdome,WDO.TO,"Producer, Junior"
westmount-minerals-corp,2023-11,53,1.36,2023-11-07,quebec,10,2.0,westmount-minerals-corp,,
white-gold,2023-12,27,5.1,2023-12-11,ontario,10,2.0,White Gold,WGO.V,Explorer
white-gold,2025-01,11,5.1,2025-01-31,ontario,10,2.0,White Gold,WGO.V,Explorer
white-gold,2025-04,48,5.1,2025-04-26,ontario/yukon,10,2.0,White Gold,WGO.V,Explorer
white-gold,2025-05,24,5.1,2025-05-15,yukon,10,2.0,White Gold,WGO.V,Explorer
white-gold,2026-06,20,5.1,2026-06-02,ontario,10,2.0,White Gold,WGO.V,Explorer
white-gold,2026-08,39,5.1,2026-08-11,ontario,10,2.0,White Gold,WGO.V,Explorer
winshear-metals-corp,2025-05,1013,41.54,2025-05-18,ontario,10,2.0,winshear-metals-corp,,
winshear-metals-corp,2026-03,162,41.54,2026-03-24,ontario,10,2.0,winshear-metals-corp,,
winshear-metals-corp,2026-04,215,41.54,2026-04-26,ontario,10,2.0,winshear-metals-corp,,
xxix-metal-corp,2024-11,16,2.28,2024-11-12,quebec,10,2.0,xxix-metal-corp,,
xxix-metal-corp,2025-03,53,2.28,2025-03-24,quebec,10,2.0,xxix-metal-corp,,
xxix-metal-corp,2026-05,11,2.28,2026-05-27,quebec,10,2.0,xxix-metal-corp,,
