junior,junior_ticker,province,nearest_major,major_ticker,min_distance_km,junior_claims_within_5km,junior_claims_within_2km,junior_total_claims,insider_buy_days_since_2025-04-01,junior_type,major_type,junior_id,major_id
Abitibi Metals,AMQ.CN,ontario,Hemlo Mining Corp.,HMMC.V,0.0,176,164,176,11,Explorer,"Producer, Mid-tier",abitibi-metals,hemlo-mining
Abitibi Metals,AMQ.CN,quebec,Glencore,GLNCY,0.0,110,36,481,11,Explorer,"Producer, Major",abitibi-metals,glencore
Abitibi Metals,AMQ.CN,quebec,Gold Fields,GFI,0.0,92,80,481,11,Explorer,"Producer, Major",abitibi-metals,gold-fields
Adamera Minerals,ADZ.V,british-columbia,Barrick Mining,B,0.0,1,1,1,4,Explorer,"Producer, Major",adamera-minerals,barrick
Amex Exploration,AMX.V,ontario,Agnico Eagle Mines,AEM,0.0,276,91,1417,4,Explorer,"Producer, Major",amex-exploration,agnico-eagle
Amex Exploration,AMX.V,quebec,Agnico Eagle Mines,AEM,0.0,73,47,583,4,Explorer,"Producer, Major",amex-exploration,agnico-eagle
Amex Exploration,AMX.V,quebec,Gold Fields,GFI,0.0,43,19,583,4,Explorer,"Producer, Major",amex-exploration,gold-fields
Apollo Silver,APGO.V,ontario,Agnico Eagle Mines,AEM,0.0,94,94,94,30,Explorer,"Producer, Major",apollo-silver,agnico-eagle
Apollo Silver,APGO.V,quebec,Agnico Eagle Mines,AEM,0.0,28,24,28,30,Explorer,"Producer, Major",apollo-silver,agnico-eagle
ATHA Energy Corp.,SASK.V,nunavut,Cameco,CCO.TO,0.0,305,240,744,2,Explorer,"Producer, Major",atha-energy,cameco
ATHA Energy Corp.,SASK.V,nunavut,Rio Tinto,RIO,0.0,28,21,744,2,Explorer,"Producer, Major",atha-energy,rio-tinto
Aurelius Minerals,AUL.V,ontario,Agnico Eagle Mines,AEM,0.0,68,68,68,0,Explorer,"Producer, Major",aurelius-minerals,agnico-eagle
Azimut Exploration,AZM.V,quebec,Rio Tinto,RIO,0.0,100,36,9711,27,Explorer,"Producer, Major",azimut-exploration,rio-tinto
Azimut Exploration,AZM.V,quebec,The Mosaic Company,MOS,0.0,188,65,9711,27,Explorer,"Producer, Major",azimut-exploration,mosaic-company
Banyan Gold,BYN.V,yukon,Hecla Mining,HL,0.0,554,298,6647,0,Explorer,"Producer, Mid-tier",banyan-gold,hecla-mining
Benton Resources,BEX.V,newfoundland,Teck Resources,TECK,0.0,4,1,149,6,Explorer,"Producer, Major",benton-resources,teck-resources
Benton Resources,BEX.V,ontario,Hemlo Mining Corp.,HMMC.V,0.0,3,2,66,6,Explorer,"Producer, Mid-tier",benton-resources,hemlo-mining
Big Ridge Gold Corp.,BRAU.V,ontario,Agnico Eagle Mines,AEM,0.0,150,93,2675,5,Explorer,"Producer, Major",big-ridge-gold,agnico-eagle
Big Ridge Gold Corp.,BRAU.V,ontario,Alamos Gold,AGI,0.0,4,4,2675,5,Explorer,"Producer, Mid-tier",big-ridge-gold,alamos-gold
Big Ridge Gold Corp.,BRAU.V,ontario,Glencore,GLNCY,0.0,8,8,2675,5,Explorer,"Producer, Major",big-ridge-gold,glencore
Big Ridge Gold Corp.,BRAU.V,ontario,Kinross Gold,KGC,0.0,160,102,2675,5,Explorer,"Producer, Major",big-ridge-gold,kinross
Bonterra Resources,BTR.V,quebec,Agnico Eagle Mines,AEM,0.0,325,196,601,15,Explorer,"Producer, Major",bonterra-resources,agnico-eagle
Bonterra Resources,BTR.V,quebec,Wesdome,WDO.TO,0.0,21,21,601,15,Explorer,"Producer, Junior",bonterra-resources,wesdome-gold-mines
BTU Metals,BTU.V,ontario,Alamos Gold,AGI,0.0,229,97,1714,2,Explorer,"Producer, Mid-tier",btu-metals,alamos-gold
BTU Metals,BTU.V,ontario,Kinross Gold,KGC,0.0,719,330,1714,2,Explorer,"Producer, Major",btu-metals,kinross
Canada Nickel,CNC.V,ontario,Agnico Eagle Mines,AEM,0.0,207,124,8774,2,Explorer,"Producer, Major",canada-nickel,agnico-eagle
Canada Nickel,CNC.V,ontario,Alamos Gold,AGI,0.0,449,307,8774,2,Explorer,"Producer, Mid-tier",canada-nickel,alamos-gold
Canada Nickel,CNC.V,ontario,Cardinal Energy,CJ.TO,0.0,43,22,8774,2,Explorer,"Producer, Mid-tier",canada-nickel,cardinal-energy
Canada Nickel,CNC.V,ontario,Evolution Mining,EVN.AX,0.0,224,124,8774,2,Explorer,"Producer, Mid-tier",canada-nickel,evolution
Canada Nickel,CNC.V,ontario,Glencore,GLNCY,0.0,229,45,8774,2,Explorer,"Producer, Major",canada-nickel,glencore
Canterra Minerals Corp.,CTM.V,newfoundland,Teck Resources,TECK,0.0,6,1,80,4,Explorer,"Producer, Major",canterra-minerals,teck-resources
Canterra Minerals Corp.,CTM.V,nunavut,Rio Tinto,RIO,0.0,82,50,343,4,Explorer,"Producer, Major",canterra-minerals,rio-tinto
Eloro Resources,ELO.TO,quebec,The Mosaic Company,MOS,0.0,10,7,80,6,Explorer,"Producer, Major",eloro-resources,mosaic-company
Emperor Metals,AUOZ.CN,ontario,Hemlo Mining Corp.,HMMC.V,0.0,121,97,141,15,Explorer,"Producer, Mid-tier",emperor-metals,hemlo-mining
Emperor Metals,AUOZ.CN,quebec,Agnico Eagle Mines,AEM,0.0,26,14,26,15,Explorer,"Producer, Major",emperor-metals,agnico-eagle
Emperor Metals,AUOZ.CN,quebec,Glencore,GLNCY,0.0,26,20,26,15,Explorer,"Producer, Major",emperor-metals,glencore
Falco Resources,FPC.V,quebec,Agnico Eagle Mines,AEM,0.0,526,244,1402,1,Explorer,"Producer, Major",falco-resources,agnico-eagle
Falco Resources,FPC.V,quebec,First Quantum Minerals,FM.TO,0.0,286,104,1402,1,Explorer,"Producer, Major",falco-resources,first-quantum-minerals
Falco Resources,FPC.V,quebec,Glencore,GLNCY,0.0,745,360,1402,1,Explorer,"Producer, Major",falco-resources,glencore
Falco Resources,FPC.V,quebec,IAMGOLD,IAG,0.0,393,145,1402,1,Explorer,"Producer, Mid-tier",falco-resources,iamgold
Generation Mining,GENM.TO,ontario,Hemlo Mining Corp.,HMMC.V,0.0,528,247,1623,15,Explorer,"Producer, Mid-tier",generation-mining,hemlo-mining
GFG Resources,GFG.V,ontario,Agnico Eagle Mines,AEM,0.0,287,98,4728,28,Explorer,"Producer, Major",gfg-resources,agnico-eagle
Globex Mining Enterprises,GMX.TO,ontario,Agnico Eagle Mines,AEM,0.0,59,16,128,10,"Explorer, Prospect Generator","Producer, Major",globex-mining-enterprises,agnico-eagle
Gold Finder Resources,GLD.V,ontario,Evolution Mining,EVN.AX,0.0,347,175,562,2,Explorer,"Producer, Mid-tier",gold-finder-resources,evolution
Goldcliff Resource Corp,GCN.V,british-columbia,Barrick Mining,B,0.0,19,18,59,1,Explorer,"Producer, Major",goldcliff-resource,barrick
Harfang Exploration,HAR.V,ontario,Agnico Eagle Mines,AEM,0.0,525,322,1628,4,Explorer,"Producer, Major",harfang-exploration,agnico-eagle
Honey Badger Silver,TUF.V,nunavut,B2Gold,BTG,0.0,5,5,19,8,Explorer,"Producer, Mid-tier",honey-badger-silver,b2gold
Honey Badger Silver,TUF.V,nunavut,Glencore,GLNCY,0.0,5,5,19,8,Explorer,"Producer, Major",honey-badger-silver,glencore
Independence Gold,IGO.V,yukon,Newmont,NEM,0.0,707,371,888,5,Explorer,"Producer, Major",independence-gold,newmont
Integra Resources,ITR.V,ontario,Agnico Eagle Mines,AEM,0.0,68,59,68,5,Explorer,"Producer, Major",integra-resources,agnico-eagle
International Tower Hill,ITH.TO,ontario,Agnico Eagle Mines,AEM,0.0,415,188,2705,1,Land Banks,"Producer, Major",international-tower-hill,agnico-eagle
Kenorland Minerals,KLD.V,ontario,IAMGOLD,IAG,0.0,49,33,59936,5,"Explorer, Prospect Generator","Producer, Mid-tier",kenorland-minerals,iamgold
Kenorland Minerals,KLD.V,ontario,Kinross Gold,KGC,0.0,593,219,59936,5,"Explorer, Prospect Generator","Producer, Major",kenorland-minerals,kinross
Kenorland Minerals,KLD.V,ontario,Teck Resources,TECK,0.0,262,82,59936,5,"Explorer, Prospect Generator","Producer, Major",kenorland-minerals,teck-resources
Kenorland Minerals,KLD.V,quebec,Agnico Eagle Mines,AEM,0.0,260,104,7093,5,"Explorer, Prospect Generator","Producer, Major",kenorland-minerals,agnico-eagle
Kenorland Minerals,KLD.V,quebec,Gold Fields,GFI,0.0,146,35,7093,5,"Explorer, Prospect Generator","Producer, Major",kenorland-minerals,gold-fields
Kirkland Lake Discoveries,KLDC.V,ontario,Agnico Eagle Mines,AEM,0.0,964,432,1597,7,Explorer,"Producer, Major",kirkland-lake-discoveries,agnico-eagle
Klondike Silver,KS.V,ontario,Glencore,GLNCY,0.0,15,15,15,0,Explorer,"Producer, Major",klondike-silver,glencore
Kodiak Copper,KDK.V,nunavut,Agnico Eagle Mines,AEM,0.0,28,16,139,4,Explorer,"Producer, Major",kodiak-copper,agnico-eagle
Kodiak Copper,KDK.V,nunavut,Rio Tinto,RIO,0.0,23,10,139,4,Explorer,"Producer, Major",kodiak-copper,rio-tinto
Lake Victoria Gold,LVG.V,ontario,Alamos Gold,AGI,0.0,347,159,3176,5,Explorer,"Producer, Mid-tier",lake-victoria-gold,alamos-gold
Lake Victoria Gold,LVG.V,ontario,Evolution Mining,EVN.AX,0.0,168,144,3176,5,Explorer,"Producer, Mid-tier",lake-victoria-gold,evolution
Li-FT Power,LIFT.V,quebec,Rio Tinto,RIO,0.0,152,70,4004,16,Explorer,"Producer, Major",li-ft-power,rio-tinto
Li-FT Power,LIFT.V,quebec,The Mosaic Company,MOS,0.0,114,37,4004,16,Explorer,"Producer, Major",li-ft-power,mosaic-company
Lucara Diamond,LUC.TO,ontario,Rio Tinto,RIO,0.0,436,128,1114,0,"Producer, Junior","Producer, Major",lucara-diamond,rio-tinto
Mayfair Gold,MFG.V,ontario,Agnico Eagle Mines,AEM,0.0,286,132,287,19,Explorer,"Producer, Major",mayfair-gold,agnico-eagle
Mega Uranium,MGA.TO,nunavut,Cameco,CCO.TO,0.0,2,2,10,1,Explorer,"Producer, Major",mega-uranium,cameco
Metal Energy,MERG.V,british-columbia,Newmont,NEM,0.0,6,1,370,0,Explorer,"Producer, Major",metal-energy,newmont
Metal Energy,MERG.V,ontario,Agnico Eagle Mines,AEM,0.0,11,11,10299,0,Explorer,"Producer, Major",metal-energy,agnico-eagle
Metal Energy,MERG.V,ontario,Alamos Gold,AGI,0.0,63,11,10299,0,Explorer,"Producer, Mid-tier",metal-energy,alamos-gold
Metal Energy,MERG.V,ontario,Evolution Mining,EVN.AX,0.0,97,97,10299,0,Explorer,"Producer, Mid-tier",metal-energy,evolution
Metal Energy,MERG.V,ontario,Hemlo Mining Corp.,HMMC.V,0.0,90,28,10299,0,Explorer,"Producer, Mid-tier",metal-energy,hemlo-mining
Metal Energy,MERG.V,ontario,Vale S.A.,VALE,0.0,23,5,10299,0,Explorer,"Producer, Major",metal-energy,vale
Metallic Minerals,MMG.V,yukon,Glencore,GLNCY,0.0,52,44,1219,4,Explorer,"Producer, Major",metallic-minerals,glencore
Metallic Minerals,MMG.V,yukon,Hecla Mining,HL,0.0,906,479,1219,4,Explorer,"Producer, Mid-tier",metallic-minerals,hecla-mining
Midland Exploration,MD.V,quebec,Agnico Eagle Mines,AEM,0.0,647,276,10058,4,"Explorer, Prospect Generator","Producer, Major",midland-exploration,agnico-eagle
Midland Exploration,MD.V,quebec,Barrick Mining,B,0.0,111,77,10058,4,"Explorer, Prospect Generator","Producer, Major",midland-exploration,barrick
Midland Exploration,MD.V,quebec,DPM Metals,DPM.TO,0.0,41,37,10058,4,"Explorer, Prospect Generator","Producer, Mid-tier",midland-exploration,dpm-metals
Midland Exploration,MD.V,quebec,Eldorado Gold,EGO,0.0,78,25,10058,4,"Explorer, Prospect Generator","Producer, Mid-tier",midland-exploration,eldorado-gold
Midland Exploration,MD.V,quebec,Gold Fields,GFI,0.0,259,175,10058,4,"Explorer, Prospect Generator","Producer, Major",midland-exploration,gold-fields
Midland Exploration,MD.V,quebec,IAMGOLD,IAG,0.0,243,85,10058,4,"Explorer, Prospect Generator","Producer, Mid-tier",midland-exploration,iamgold
Midland Exploration,MD.V,quebec,Rio Tinto,RIO,0.0,85,48,10058,4,"Explorer, Prospect Generator","Producer, Major",midland-exploration,rio-tinto
Mundoro Capital,MUN.V,ontario,Alamos Gold,AGI,0.0,92,87,110,1,"Explorer, Prospect Generator","Producer, Mid-tier",mundoro-capital,alamos-gold
Nickel Creek Platinum,NCP.V,ontario,Glencore,GLNCY,0.0,36,16,4169,0,Explorer,"Producer, Major",nickel-creek-platinum,glencore
NorthWest Copper,NWST.V,british-columbia,Freeport-McMoRan,FCX,0.0,19,10,390,2,Explorer,"Producer, Major",northwest-copper,freeport-mcmoran
ONGold Resources Ltd,ONAU.V,ontario,IAMGOLD,IAG,0.0,383,154,8076,3,Explorer,"Producer, Mid-tier",ongold-resources,iamgold
Orezone Gold,ORE.V,quebec,Agnico Eagle Mines,AEM,0.0,102,69,1085,4,Developer,"Producer, Major",orezone-gold,agnico-eagle
Red Canyon Resources,REDC.CN,ontario,Kinross Gold,KGC,0.0,186,90,842,24,Explorer,"Producer, Major",red-canyon-resources,kinross
Renegade Gold,RAGE.V,ontario,Evolution Mining,EVN.AX,0.0,209,75,3146,11,Explorer,"Producer, Mid-tier",renegade-gold,evolution
Renegade Gold,RAGE.V,ontario,Kinross Gold,KGC,0.0,296,14,3146,11,Explorer,"Producer, Major",renegade-gold,kinross
RPX Gold Inc.,RPX.V,ontario,Wesdome,WDO.TO,0.0,71,12,335,2,Explorer,"Producer, Junior",rpx-gold,wesdome-gold-mines
Selkirk Copper Mines,SCMI.V,british-columbia,Teck Resources,TECK,0.0,7,5,56,14,Explorer,"Producer, Major",selkirk-copper-mines,teck-resources
Silver North Resources,SNAG.V,ontario,Hemlo Mining Corp.,HMMC.V,0.0,96,57,104,12,Explorer,"Producer, Mid-tier",silver-north-resources,hemlo-mining
Silver North Resources,SNAG.V,yukon,Agnico Eagle Mines,AEM,0.0,72,68,712,12,Explorer,"Producer, Major",silver-north-resources,agnico-eagle
Silver North Resources,SNAG.V,yukon,Hecla Mining,HL,0.0,120,45,712,12,Explorer,"Producer, Mid-tier",silver-north-resources,hecla-mining
Silver Range Resources,SNG.V,nunavut,B2Gold,BTG,0.0,11,10,45,1,Explorer,"Producer, Mid-tier",silver-range-resources,b2gold
Silver Range Resources,SNG.V,nunavut,Glencore,GLNCY,0.0,4,4,45,1,Explorer,"Producer, Major",silver-range-resources,glencore
Silver Range Resources,SNG.V,nunavut,Rio Tinto,RIO,0.0,10,5,45,1,Explorer,"Producer, Major",silver-range-resources,rio-tinto
Solstice Minerals Limited,SLS.AX,nunavut,Agnico Eagle Mines,AEM,0.0,128,81,156,0,Explorer,"Producer, Major",solstice-minerals,agnico-eagle
Solstice Minerals Limited,SLS.AX,nunavut,Rio Tinto,RIO,0.0,7,4,156,0,Explorer,"Producer, Major",solstice-minerals,rio-tinto
Stakeholder Gold,SRC.V,yukon,Newmont,NEM,0.0,497,130,1150,18,Explorer,"Producer, Major",stakeholder-gold,newmont
Stardust Metal,ZIGY.CN,ontario,Agnico Eagle Mines,AEM,0.0,71,48,644,1,Explorer,"Producer, Major",stardust-metal,agnico-eagle
Stardust Metal,ZIGY.CN,ontario,Alamos Gold,AGI,0.0,95,36,644,1,Explorer,"Producer, Mid-tier",stardust-metal,alamos-gold
Stardust Metal,ZIGY.CN,ontario,Barrick Mining,B,0.0,109,88,644,1,Explorer,"Producer, Major",stardust-metal,barrick
STLLR Gold,STLR.TO,ontario,Agnico Eagle Mines,AEM,0.0,794,615,1024,32,Explorer,"Producer, Major",stllr-gold,agnico-eagle
Strategic Metals,SMD.V,yukon,Hecla Mining,HL,0.0,1237,823,8327,0,"Explorer, Prospect Generator","Producer, Mid-tier",strategic-metals,hecla-mining
Sun Summit Minerals,SMN.V,british-columbia,Hudbay Minerals,HBM.TO,0.0,11,4,62,13,Explorer,"Producer, Mid-tier",sun-summit-minerals,hudbay-minerals
Tiger Gold Corp.,TIGR.V,ontario,Agnico Eagle Mines,AEM,0.0,548,381,562,1,Explorer,"Producer, Major",tiger-gold,agnico-eagle
Transition Metals,XTM.V,ontario,Glencore,GLNCY,0.0,46,26,1691,1,Explorer,"Producer, Major",transition-metals,glencore
Viridis Mining & Minerals,VMM.AX,nunavut,B2Gold,BTG,0.0,6,5,16,0,Explorer,"Producer, Mid-tier",viridis-mining-minerals,b2gold
Viridis Mining & Minerals,VMM.AX,nunavut,Glencore,GLNCY,0.0,4,4,16,0,Explorer,"Producer, Major",viridis-mining-minerals,glencore
Vizsla Copper,VCU.V,british-columbia,IAMGOLD,IAG,0.0,9,5,52,4,Explorer,"Producer, Mid-tier",vizsla-copper,iamgold
Wallbridge Mining,WM.TO,quebec,Agnico Eagle Mines,AEM,0.0,133,63,884,3,Explorer,"Producer, Major",wallbridge,agnico-eagle
Guardian Metal Resources,GMTL,yukon,Hecla Mining,HL,0.24,147,50,154,0,Explorer,"Producer, Mid-tier",guardian-metal-resources,hecla-mining
Garibaldi Resources,GGI.V,british-columbia,SSR Mining,SSRM,0.4,4,2,128,1,Explorer,"Producer, Mid-tier",garibaldi-resources,ssr-mining
Eagle Plains Resources,EPL.V,british-columbia,First Quantum Minerals,FM.TO,0.45,6,5,470,5,"Explorer, Prospect Generator","Producer, Major",eagle-plains-resources,first-quantum-minerals
Nickel Creek Platinum,NCP.V,ontario,Agnico Eagle Mines,AEM,0.45,157,31,4169,0,Explorer,"Producer, Major",nickel-creek-platinum,agnico-eagle
Orezone Gold,ORE.V,quebec,IAMGOLD,IAG,0.45,67,22,1085,4,Developer,"Producer, Mid-tier",orezone-gold,iamgold
International Tower Hill,ITH.TO,ontario,Alamos Gold,AGI,0.46,24,6,2705,1,Land Banks,"Producer, Mid-tier",international-tower-hill,alamos-gold
New Gold,NGD.TO,ontario,Evolution Mining,EVN.AX,0.46,149,43,1216,0,"Producer, Junior","Producer, Mid-tier",new-gold,evolution
Solstice Minerals Limited,SLS.AX,ontario,Evolution Mining,EVN.AX,0.46,19,12,458,0,Explorer,"Producer, Mid-tier",solstice-minerals,evolution
Inventus Mining,IVS.V,ontario,Eldorado Gold,EGO,0.47,23,2,306,14,Explorer,"Producer, Mid-tier",inventus-mining,eldorado-gold
Midland Exploration,MD.V,quebec,Glencore,GLNCY,0.5,95,18,10058,4,"Explorer, Prospect Generator","Producer, Major",midland-exploration,glencore
Coppercorp Resources Inc.,CPER.V,nunavut,Caledonia Mining,CMCL,0.58,6,1,14,1,Explorer,"Producer, Junior",coppercorp-resources,caledonia-mining
White Gold,WGO.V,yukon,Newmont,NEM,0.6,514,95,15312,12,Explorer,"Producer, Major",white-gold,newmont
Viridis Mining & Minerals,VMM.AX,nunavut,Rio Tinto,RIO,0.74,6,2,16,0,Explorer,"Producer, Major",viridis-mining-minerals,rio-tinto
Kootenay Silver,KTN.V,british-columbia,Teck Resources,TECK,0.92,4,1,64,0,Explorer,"Producer, Major",kootenay-silver,teck-resources
Midland Exploration,MD.V,quebec,The Mosaic Company,MOS,0.92,19,10,10058,4,"Explorer, Prospect Generator","Producer, Major",midland-exploration,mosaic-company
Power Metallic Mines,PNPN.V,quebec,The Mosaic Company,MOS,0.92,53,14,97,12,Explorer,"Producer, Major",power-metallic-mines,mosaic-company
Lucara Diamond,LUC.TO,ontario,Wesdome,WDO.TO,0.93,21,4,1114,0,"Producer, Junior","Producer, Junior",lucara-diamond,wesdome-gold-mines
Metal Energy,MERG.V,ontario,Eldorado Gold,EGO,0.93,50,10,10299,0,Explorer,"Producer, Mid-tier",metal-energy,eldorado-gold
Omai Gold Mines,OMG.V,ontario,Agnico Eagle Mines,AEM,0.93,14,10,14,2,Explorer,"Producer, Major",omai-gold,agnico-eagle
Premier American Uranium Inc.,PUR.V,ontario,Evolution Mining,EVN.AX,0.99,15,14,15,3,Explorer,"Producer, Mid-tier",premier-american-uranium,evolution
Bonterra Resources,BTR.V,quebec,Gold Fields,GFI,1.05,35,2,601,15,Explorer,"Producer, Major",bonterra-resources,gold-fields
Harfang Exploration,HAR.V,quebec,IAMGOLD,IAG,1.11,52,3,2647,4,Explorer,"Producer, Mid-tier",harfang-exploration,iamgold
Bonterra Resources,BTR.V,quebec,Eldorado Gold,EGO,1.48,21,6,601,15,Explorer,"Producer, Mid-tier",bonterra-resources,eldorado-gold
International Tower Hill,ITH.TO,ontario,Glencore,GLNCY,1.66,110,2,2705,1,Land Banks,"Producer, Major",international-tower-hill,glencore
Almonty Industries,AII.TO,ontario,Wesdome,WDO.TO,1.68,20,2,37,2,"Producer, Junior","Producer, Junior",almonty-industries,wesdome-gold-mines
Metal Energy,MERG.V,ontario,Glencore,GLNCY,1.7,6,2,10299,0,Explorer,"Producer, Major",metal-energy,glencore
New Gold,NGD.TO,british-columbia,Boliden,BLIDF,1.84,8,1,122,0,"Producer, Junior","Producer, Major",new-gold,boliden
Canada Nickel,CNC.V,ontario,Eldorado Gold,EGO,1.89,42,1,8774,2,Explorer,"Producer, Mid-tier",canada-nickel,eldorado-gold
Falcon Gold Corp.,FG.V,ontario,Agnico Eagle Mines,AEM,1.89,30,2,312,4,Explorer,"Producer, Major",falcon-gold,agnico-eagle
Big Ridge Gold Corp.,BRAU.V,ontario,Evolution Mining,EVN.AX,1.91,9,1,2675,5,Explorer,"Producer, Mid-tier",big-ridge-gold,evolution
Kirkland Lake Discoveries,KLDC.V,ontario,AngloGold Ashanti,AU,1.96,14,1,1597,7,Explorer,"Producer, Major",kirkland-lake-discoveries,anglogold
STLLR Gold,STLR.TO,ontario,Alamos Gold,AGI,2.06,14,0,1024,32,Explorer,"Producer, Mid-tier",stllr-gold,alamos-gold
Kenorland Minerals,KLD.V,quebec,Glencore,GLNCY,2.21,21,0,7093,5,"Explorer, Prospect Generator","Producer, Major",kenorland-minerals,glencore
Elcora Advanced Materials,ERA.V,ontario,Agnico Eagle Mines,AEM,2.3,47,0,550,2,Explorer,"Producer, Major",elcora-advanced-materials,agnico-eagle
Big Ridge Gold Corp.,BRAU.V,ontario,Barrick Mining,B,2.33,7,0,2675,5,Explorer,"Producer, Major",big-ridge-gold,barrick
Banyan Gold,BYN.V,yukon,Newmont,NEM,2.42,65,0,6647,0,Explorer,"Producer, Major",banyan-gold,newmont
Selkirk Copper Mines,SCMI.V,british-columbia,Freeport-McMoRan,FCX,2.47,2,0,56,14,Explorer,"Producer, Major",selkirk-copper-mines,freeport-mcmoran
Northstar Gold,NSG.CN,ontario,Agnico Eagle Mines,AEM,2.48,52,0,406,7,Explorer,"Producer, Major",northstar-gold,agnico-eagle
Midland Exploration,MD.V,quebec,Alamos Gold,AGI,2.6,18,0,10058,4,"Explorer, Prospect Generator","Producer, Mid-tier",midland-exploration,alamos-gold
Canada Nickel,CNC.V,ontario,Wesdome,WDO.TO,2.79,16,0,8774,2,Explorer,"Producer, Junior",canada-nickel,wesdome-gold-mines
Amarc Resources,AHR.V,british-columbia,Glencore,GLNCY,2.87,1,0,247,0,Explorer,"Producer, Major",amarc-resources,glencore
NexMetals Mining Corp.,NEXM.V,ontario,Vale S.A.,VALE,2.89,22,0,126,13,Explorer,"Producer, Major",nexmetals-mining,vale
Nickel Creek Platinum,NCP.V,ontario,IAMGOLD,IAG,2.97,2,0,4169,0,Explorer,"Producer, Mid-tier",nickel-creek-platinum,iamgold
Omai Gold Mines,OMG.V,ontario,Alamos Gold,AGI,2.97,14,0,14,2,Explorer,"Producer, Mid-tier",omai-gold,alamos-gold
Gold Finder Resources,GLD.V,ontario,Kinross Gold,KGC,3.18,53,0,562,2,Explorer,"Producer, Major",gold-finder-resources,kinross
1911 Gold,AUMB.V,ontario,Alamos Gold,AGI,3.27,19,0,96,10,"Producer, Junior","Producer, Mid-tier",1911-gold,alamos-gold
Big Ridge Gold Corp.,BRAU.V,ontario,AngloGold Ashanti,AU,3.28,20,0,2675,5,Explorer,"Producer, Major",big-ridge-gold,anglogold
Cobalt Blue Holdings,CBBHF,ontario,Alamos Gold,AGI,3.33,19,0,1216,0,Explorer,"Producer, Mid-tier",cobalt-blue-holdings,alamos-gold
Talisker Resources,TSK.TO,british-columbia,Teck Resources,TECK,3.62,1,0,127,5,Developer,"Producer, Major",talisker-resources,teck-resources
Silver Range Resources,SNG.V,nunavut,Agnico Eagle Mines,AEM,3.71,2,0,45,1,Explorer,"Producer, Major",silver-range-resources,agnico-eagle
Granada Gold Mine,GGM.V,quebec,Glencore,GLNCY,3.93,15,0,56,2,Explorer,"Producer, Major",granada-gold-mine,glencore
Granada Gold Mine,GGM.V,quebec,Agnico Eagle Mines,AEM,4.05,8,0,56,2,Explorer,"Producer, Major",granada-gold-mine,agnico-eagle
BTU Metals,BTU.V,ontario,Wesdome,WDO.TO,4.15,9,0,1714,2,Explorer,"Producer, Junior",btu-metals,wesdome-gold-mines
Kenorland Minerals,KLD.V,ontario,Alamos Gold,AGI,4.15,5,0,59936,5,"Explorer, Prospect Generator","Producer, Mid-tier",kenorland-minerals,alamos-gold
Stardust Metal,ZIGY.CN,ontario,AngloGold Ashanti,AU,4.15,5,0,644,1,Explorer,"Producer, Major",stardust-metal,anglogold
NexGen Energy,NXE.TO,nunavut,Cameco,CCO.TO,4.27,2,0,68,1,"Developer, PPSS","Producer, Major",nexgen-energy,cameco
ONGold Resources Ltd,ONAU.V,ontario,Alamos Gold,AGI,4.35,5,0,8076,3,Explorer,"Producer, Mid-tier",ongold-resources,alamos-gold
Lucara Diamond,LUC.TO,ontario,Alamos Gold,AGI,4.37,6,0,1114,0,"Producer, Junior","Producer, Mid-tier",lucara-diamond,alamos-gold
Selkirk Copper Mines,SCMI.V,ontario,Agnico Eagle Mines,AEM,4.54,4,0,12,14,Explorer,"Producer, Major",selkirk-copper-mines,agnico-eagle
Energy Fuels,EFR.TO,ontario,Cardinal Energy,CJ.TO,4.55,2,0,441,2,"Producer, Junior","Producer, Mid-tier",energy-fuels,cardinal-energy
Golden Goliath Resources,GNG.V,ontario,Kinross Gold,KGC,4.6,1,0,54,2,Explorer,"Producer, Major",golden-goliath-resources,kinross
Orezone Gold,ORE.V,quebec,Glencore,GLNCY,4.6,6,0,1085,4,Developer,"Producer, Major",orezone-gold,glencore
Harfang Exploration,HAR.V,quebec,The Mosaic Company,MOS,4.61,4,0,2647,4,Explorer,"Producer, Major",harfang-exploration,mosaic-company
Lake Victoria Gold,LVG.V,ontario,Agnico Eagle Mines,AEM,4.62,5,0,3176,5,Explorer,"Producer, Major",lake-victoria-gold,agnico-eagle
Omai Gold Mines,OMG.V,ontario,Barrick Mining,B,4.75,3,0,14,2,Explorer,"Producer, Major",omai-gold,barrick
Canada Nickel,CNC.V,ontario,IAMGOLD,IAG,4.81,1,0,8774,2,Explorer,"Producer, Mid-tier",canada-nickel,iamgold
Transition Metals,XTM.V,nunavut,Rio Tinto,RIO,4.81,2,0,6,1,Explorer,"Producer, Major",transition-metals,rio-tinto
IsoEnergy,ISO.TO,nunavut,Cameco,CCO.TO,4.9,1,0,5,0,Explorer,"Producer, Major",isoenergy,cameco
