company,ticker,company_type,old_claims,new_claims,change,linked
(100) Lowell Schmidt,,,0,143,143,no
(100) 1001648885 ONTARIO INC.,,,0,57,57,no
(100) Rose Anne  Recoskie,,,0,40,40,no
(100) Lucille  Jerome,,,0,37,37,no
(100) BRYAN j SWACKHAMER,,,0,9,9,no
(100) BIGSPINE MINING LTD.,,,0,8,8,no
"(100) NIMMO, BRUCE DOUGLAS",,,0,7,7,no
"(50) MCKINNEY, WILLIAM JAMES",,,0,7,7,no
"(50) GARRY FREDERICK WINDSOR, (50) Brian G Windsor",,,0,4,4,no
"(100) MCLEAN, IAN SCOTT",,,0,3,3,no
(100) WHIPSAW COPPER LIMITED,,,0,3,3,no
"(50) NORD, ALLAN LEIGH",,,0,3,3,no
"(100) ADAM, MICHAEL ANDREW",,,0,2,2,no
(100) Anne-Sophie Renou,,,0,2,2,no
"(25) CLARKE, ANDREW MALCOLM",,,0,2,2,no
"(100) BENIGAN, RANDY SCOTT",,,0,1,1,no
"(100) BRYCE, CARRSEN MITCHELL",,,0,1,1,no
"(100) BURKE, SCOTT ANDREW",,,0,1,1,no
"(100) DORNAN, BARRIE JAMES",,,0,1,1,no
"(100) DUMAINE, MYLES JAY",,,0,1,1,no
"(100) EVERDING, JOERG",,,0,1,1,no
"(100) GEALL, ERIC NORMAN HIRAM",,,0,1,1,no
"(100) GERBRANDT, SUSAN DOLORIS",,,0,1,1,no
"(100) GIESBRECHT, ANGELA CHRISTINA EVA",,,0,1,1,no
"(100) HARRIS, BARBARA JEANNE",,,0,1,1,no
(100) HARRYS MANUFACTURING INC.,,,0,1,1,no
"(100) HOLMES, JAMES DEREK",,,0,1,1,no
"(100) KENNETT, DAVID JAMES",,,0,1,1,no
"(100) KIRKLAND, WILLIAM BRADLEY",,,0,1,1,no
"(100) PIMISKERN, KONRAD",,,0,1,1,no
"(100) RABB, TREVOR ALEXANDER",,,0,1,1,no
"(100) ROGERS, CHRIS NIGEL",,,0,1,1,no
"(100) RYDE, NATHAN MARK",,,0,1,1,no
"(100) SPITZER, TOBIAS",,,0,1,1,no
"(100) STIPEC, PERCY JAMES",,,0,1,1,no
"(100) VLAD, VLADISLAV CATALIN",,,0,1,1,no
"(50) KARL EVERETT BJORKMAN, (10) JESSICA LEE BJORKMAN, (40) KATARINA EDITH BJORKMAN",,,0,1,1,no
Afzaal Pirzada,,,0,1,1,no
Donald McGrath,,,0,1,1,no
