test,company_id,name,clusters,post_days,base_days,buy_days_total,buy_days_post,buy_days_base,rate_post_per_100d,rate_base_per_100d
main_2025-04_to_2026-10|all_buys,abitibi-metals,Abitibi Metals,4,171,384,11,1,10,0.58,2.6
main_2025-04_to_2026-10|all_buys,agnico-eagle,Agnico Eagle Mines,8,91,464,2,0,2,0.0,0.43
main_2025-04_to_2026-10|all_buys,alamos-gold,Alamos Gold,7,91,464,0,0,0,0.0,0.0
main_2025-04_to_2026-10|all_buys,almonty-industries,Almonty Industries,2,91,464,2,1,1,1.1,0.22
main_2025-04_to_2026-10|all_buys,amex-exploration,Amex Exploration,5,239,316,4,3,1,1.26,0.32
main_2025-04_to_2026-10|all_buys,anglogold,AngloGold Ashanti,1,91,464,0,0,0,0.0,0.0
main_2025-04_to_2026-10|all_buys,apex-critical-metals-corp,apex-critical-metals-corp,3,91,464,0,0,0,0.0,0.0
main_2025-04_to_2026-10|all_buys,arbor-metals-corp,arbor-metals-corp,1,91,464,0,0,0,0.0,0.0
main_2025-04_to_2026-10|all_buys,arcelormittal,arcelormittal,1,91,464,0,0,0,0.0,0.0
main_2025-04_to_2026-10|all_buys,argo-gold-inc,argo-gold-inc,3,151,404,0,0,0,0.0,0.0
main_2025-04_to_2026-10|all_buys,ashley-gold-corp,ashley-gold-corp,2,161,394,0,0,0,0.0,0.0
main_2025-04_to_2026-10|all_buys,athena-gold-corporation,athena-gold-corporation,4,253,302,0,0,0,0.0,0.0
main_2025-04_to_2026-10|all_buys,auq-gold-mining-inc,auq-gold-mining-inc,1,91,464,0,0,0,0.0,0.0
main_2025-04_to_2026-10|all_buys,auriginal-mining-corp,auriginal-mining-corp,5,71,484,0,0,0,0.0,0.0
main_2025-04_to_2026-10|all_buys,azimut-exploration,Azimut Exploration,7,327,228,27,23,4,7.03,1.75
main_2025-04_to_2026-10|all_buys,banyan-gold,Banyan Gold,3,91,464,0,0,0,0.0,0.0
main_2025-04_to_2026-10|all_buys,barranco-gold-mining-corp,barranco-gold-mining-corp,1,91,464,0,0,0,0.0,0.0
main_2025-04_to_2026-10|all_buys,barrick,Barrick Mining,3,91,464,11,5,6,5.49,1.29
main_2025-04_to_2026-10|all_buys,benton-resources,Benton Resources,4,185,370,6,2,4,1.08,1.08
main_2025-04_to_2026-10|all_buys,big-ridge-gold,Big Ridge Gold Corp.,5,215,340,5,2,3,0.93,0.88
main_2025-04_to_2026-10|all_buys,black-stone-minerals,Black Stone Minerals,3,181,374,19,1,18,0.55,4.81
main_2025-04_to_2026-10|all_buys,blue-lagoon-resources,Blue Lagoon Resources,1,56,499,2,0,2,0.0,0.4
main_2025-04_to_2026-10|all_buys,bold-ventures-inc,bold-ventures-inc,4,166,389,0,0,0,0.0,0.0
main_2025-04_to_2026-10|all_buys,bonterra-resources,Bonterra Resources,1,72,483,15,0,15,0.0,3.11
main_2025-04_to_2026-10|all_buys,btu-metals,BTU Metals,6,182,373,2,0,2,0.0,0.54
main_2025-04_to_2026-10|all_buys,canada-nickel,Canada Nickel,5,115,440,2,2,0,1.74,0.0
main_2025-04_to_2026-10|all_buys,canada-one-mining-corp,canada-one-mining-corp,1,91,464,0,0,0,0.0,0.0
main_2025-04_to_2026-10|all_buys,canadian-gold-resources-ltd,canadian-gold-resources-ltd,3,70,485,0,0,0,0.0,0.0
main_2025-04_to_2026-10|all_buys,canadian-royalties,canadian-royalties,4,91,464,0,0,0,0.0,0.0
main_2025-04_to_2026-10|all_buys,canuc-resources-corporation,canuc-resources-corporation,1,91,464,0,0,0,0.0,0.0
main_2025-04_to_2026-10|all_buys,cascadia-minerals,Cascadia Minerals,3,91,464,8,3,5,3.3,1.08
main_2025-04_to_2026-10|all_buys,cdn-maverick-capital-corp,cdn-maverick-capital-corp,7,389,166,0,0,0,0.0,0.0
main_2025-04_to_2026-10|all_buys,cleghorn-minerals-ltd,cleghorn-minerals-ltd,1,91,464,0,0,0,0.0,0.0
main_2025-04_to_2026-10|all_buys,coast-copper-corp,coast-copper-corp,4,122,433,0,0,0,0.0,0.0
main_2025-04_to_2026-10|all_buys,cobalt-blue-holdings,Cobalt Blue Holdings,2,124,431,0,0,0,0.0,0.0
main_2025-04_to_2026-10|all_buys,coniagas-battery-metals-inc,coniagas-battery-metals-inc,3,91,464,0,0,0,0.0,0.0
main_2025-04_to_2026-10|all_buys,copper-quest-exploration-inc,copper-quest-exploration-inc,1,91,464,0,0,0,0.0,0.0
main_2025-04_to_2026-10|all_buys,copper-road-resources-inc,copper-road-resources-inc,1,91,464,0,0,0,0.0,0.0
main_2025-04_to_2026-10|all_buys,core-critical-metals-corp,core-critical-metals-corp,1,91,464,0,0,0,0.0,0.0
main_2025-04_to_2026-10|all_buys,cupani-metals-corp,cupani-metals-corp,2,91,464,0,0,0,0.0,0.0
main_2025-04_to_2026-10|all_buys,delta-resources,Delta Resources Limited,1,91,464,64,17,47,18.68,10.13
main_2025-04_to_2026-10|all_buys,diagnamed-holdings-corp,diagnamed-holdings-corp,1,76,479,0,0,0,0.0,0.0
main_2025-04_to_2026-10|all_buys,dryden-gold,Dryden Gold Corp,4,141,414,5,2,3,1.42,0.72
main_2025-04_to_2026-10|all_buys,eagle-plains-resources,Eagle Plains Resources,4,71,484,5,0,5,0.0,1.03
main_2025-04_to_2026-10|all_buys,egr-exploration-ltd,egr-exploration-ltd,1,58,497,0,0,0,0.0,0.0
main_2025-04_to_2026-10|all_buys,elcora-advanced-materials,Elcora Advanced Materials,5,182,373,2,0,2,0.0,0.54
main_2025-04_to_2026-10|all_buys,eldorado-gold,Eldorado Gold,2,143,412,15,0,15,0.0,3.64
main_2025-04_to_2026-10|all_buys,energy-fuels,Energy Fuels,4,84,471,2,0,2,0.0,0.42
main_2025-04_to_2026-10|all_buys,engineer-gold-mines-ltd,engineer-gold-mines-ltd,2,114,441,0,0,0,0.0,0.0
main_2025-04_to_2026-10|all_buys,esgold,ESGold Corp,5,122,433,4,1,3,0.82,0.69
main_2025-04_to_2026-10|all_buys,eureka-metals-corp,eureka-metals-corp,1,91,464,0,0,0,0.0,0.0
main_2025-04_to_2026-10|all_buys,falcon-gold,Falcon Gold Corp.,1,91,464,4,0,4,0.0,0.86
main_2025-04_to_2026-10|all_buys,fancamp-exploration,Fancamp Exploration Ltd.,5,106,449,2,0,2,0.0,0.45
main_2025-04_to_2026-10|all_buys,finlay-minerals-ltd,finlay-minerals-ltd,1,59,496,0,0,0,0.0,0.0
main_2025-04_to_2026-10|all_buys,first-canadian-graphite-inc,first-canadian-graphite-inc,4,266,289,0,0,0,0.0,0.0
main_2025-04_to_2026-10|all_buys,first-phosphate-corp,first-phosphate-corp,4,172,383,0,0,0,0.0,0.0
main_2025-04_to_2026-10|all_buys,first-quantum-minerals,First Quantum Minerals,4,100,455,10,1,9,1.0,1.98
main_2025-04_to_2026-10|all_buys,flow-metals-corp,flow-metals-corp,1,91,464,0,0,0,0.0,0.0
main_2025-04_to_2026-10|all_buys,formation-metals-inc,formation-metals-inc,1,91,464,0,0,0,0.0,0.0
main_2025-04_to_2026-10|all_buys,freeman-gold,Freeman Gold,2,94,461,40,1,39,1.06,8.46
main_2025-04_to_2026-10|all_buys,frontier-lithium-inc,frontier-lithium-inc,2,98,457,0,0,0,0.0,0.0
main_2025-04_to_2026-10|all_buys,g2-goldfields,G2 Goldfields,2,118,437,0,0,0,0.0,0.0
main_2025-04_to_2026-10|all_buys,generic-gold-corp,generic-gold-corp,4,202,353,0,0,0,0.0,0.0
main_2025-04_to_2026-10|all_buys,germanium-mining-corp,germanium-mining-corp,3,104,451,0,0,0,0.0,0.0
main_2025-04_to_2026-10|all_buys,gfg-resources,GFG Resources,3,130,425,28,0,28,0.0,6.59
main_2025-04_to_2026-10|all_buys,gladiator-metals,Gladiator Metals,4,156,399,2,0,2,0.0,0.5
main_2025-04_to_2026-10|all_buys,globex-mining-enterprises,Globex Mining Enterprises,3,100,455,10,4,6,4.0,1.32
main_2025-04_to_2026-10|all_buys,go-metals-corp,go-metals-corp,4,93,462,0,0,0,0.0,0.0
main_2025-04_to_2026-10|all_buys,gold-fields,Gold Fields,5,361,194,0,0,0,0.0,0.0
main_2025-04_to_2026-10|all_buys,gold-finder-resources,Gold Finder Resources,1,91,464,2,2,0,2.2,0.0
main_2025-04_to_2026-10|all_buys,gold-strike-resources-corp,gold-strike-resources-corp,3,90,465,0,0,0,0.0,0.0
main_2025-04_to_2026-10|all_buys,golden-arrow,Golden Arrow,4,91,464,0,0,0,0.0,0.0
main_2025-04_to_2026-10|all_buys,golden-rapture-mining-corporation,golden-rapture-mining-corporation,3,225,330,0,0,0,0.0,0.0
main_2025-04_to_2026-10|all_buys,goldhaven-resources-corp,goldhaven-resources-corp,2,50,505,0,0,0,0.0,0.0
main_2025-04_to_2026-10|all_buys,graycliff-exploration-limited,graycliff-exploration-limited,1,91,464,0,0,0,0.0,0.0
main_2025-04_to_2026-10|all_buys,great-red-lake-gold-corp,great-red-lake-gold-corp,1,91,464,0,0,0,0.0,0.0
main_2025-04_to_2026-10|all_buys,grizzly-discoveries-inc,grizzly-discoveries-inc,3,18,537,0,0,0,0.0,0.0
main_2025-04_to_2026-10|all_buys,harfang-exploration,Harfang Exploration,3,153,402,4,0,4,0.0,1.0
main_2025-04_to_2026-10|all_buys,heritage-mining-ltd,heritage-mining-ltd,6,91,464,0,0,0,0.0,0.0
main_2025-04_to_2026-10|all_buys,honey-badger-silver,Honey Badger Silver,3,182,373,8,0,8,0.0,2.14
main_2025-04_to_2026-10|all_buys,iamgold,IAMGOLD,5,261,294,7,5,2,1.92,0.68
main_2025-04_to_2026-10|all_buys,independence-gold,Independence Gold,2,80,475,5,0,5,0.0,1.05
main_2025-04_to_2026-10|all_buys,international-tower-hill,International Tower Hill,8,325,230,1,0,1,0.0,0.43
main_2025-04_to_2026-10|all_buys,inventus-mining,Inventus Mining,2,133,422,14,9,5,6.77,1.18
main_2025-04_to_2026-10|all_buys,j2-metals-inc,j2-metals-inc,1,51,504,0,0,0,0.0,0.0
main_2025-04_to_2026-10|all_buys,k2-gold,K2 Gold,2,104,451,5,0,5,0.0,1.11
main_2025-04_to_2026-10|all_buys,kenorland-minerals,Kenorland Minerals,6,401,154,5,4,1,1.0,0.65
main_2025-04_to_2026-10|all_buys,kiboko-gold-inc,kiboko-gold-inc,1,91,464,0,0,0,0.0,0.0
main_2025-04_to_2026-10|all_buys,kirkland-lake-discoveries,Kirkland Lake Discoveries,3,182,373,7,3,4,1.65,1.07
main_2025-04_to_2026-10|all_buys,lake-victoria-gold,Lake Victoria Gold,2,92,463,5,1,4,1.09,0.86
main_2025-04_to_2026-10|all_buys,leopard-lake-gold-corp,leopard-lake-gold-corp,6,286,269,0,0,0,0.0,0.0
main_2025-04_to_2026-10|all_buys,loyalist-exploration-limited,loyalist-exploration-limited,1,91,464,0,0,0,0.0,0.0
main_2025-04_to_2026-10|all_buys,maple-gold-mines,Maple Gold Mines,1,66,489,3,0,3,0.0,0.61
main_2025-04_to_2026-10|all_buys,mcfarlane-lake-mining,McFarlane Lake Mining,1,91,464,26,7,19,7.69,4.09
main_2025-04_to_2026-10|all_buys,metal-energy,Metal Energy,5,392,163,0,0,0,0.0,0.0
main_2025-04_to_2026-10|all_buys,metalquest-mining-inc,metalquest-mining-inc,1,91,464,0,0,0,0.0,0.0
main_2025-04_to_2026-10|all_buys,metals-creek-resources-corp,metals-creek-resources-corp,1,91,464,0,0,0,0.0,0.0
main_2025-04_to_2026-10|all_buys,midland-exploration,Midland Exploration,6,193,362,4,0,4,0.0,1.1
main_2025-04_to_2026-10|all_buys,mineral-road-discovery-inc,mineral-road-discovery-inc,2,91,464,0,0,0,0.0,0.0
main_2025-04_to_2026-10|all_buys,mink-ventures-corporation,mink-ventures-corporation,3,141,414,0,0,0,0.0,0.0
main_2025-04_to_2026-10|all_buys,mundoro-capital,Mundoro Capital,2,182,373,1,1,0,0.55,0.0
main_2025-04_to_2026-10|all_buys,naughty-ventures-corp,naughty-ventures-corp,2,153,402,0,0,0,0.0,0.0
main_2025-04_to_2026-10|all_buys,neoterrex-minerals-inc,neoterrex-minerals-inc,6,132,423,0,0,0,0.0,0.0
main_2025-04_to_2026-10|all_buys,new-age-metals,New Age Metals,4,209,346,3,2,1,0.96,0.29
main_2025-04_to_2026-10|all_buys,new-break-resources-ltd,new-break-resources-ltd,4,91,464,0,0,0,0.0,0.0
main_2025-04_to_2026-10|all_buys,new-gold,New Gold,2,118,437,0,0,0,0.0,0.0
main_2025-04_to_2026-10|all_buys,nickel-creek-platinum,Nickel Creek Platinum,2,91,464,0,0,0,0.0,0.0
main_2025-04_to_2026-10|all_buys,noble-mineral-exploration,Noble Mineral Exploration Inc.,1,91,464,0,0,0,0.0,0.0
main_2025-04_to_2026-10|all_buys,nord-precious-metals,Nord Precious Metals,2,182,373,0,0,0,0.0,0.0
main_2025-04_to_2026-10|all_buys,nortec-minerals-corp,nortec-minerals-corp,2,182,373,0,0,0,0.0,0.0
main_2025-04_to_2026-10|all_buys,north-american-niobium-and-critical-minerals-corp,north-american-niobium-and-critical-minerals-corp,3,258,297,0,0,0,0.0,0.0
main_2025-04_to_2026-10|all_buys,nuvau-minerals-inc,nuvau-minerals-inc,4,249,306,0,0,0,0.0,0.0
main_2025-04_to_2026-10|all_buys,oceanic-iron-ore-corp,oceanic-iron-ore-corp,7,91,464,0,0,0,0.0,0.0
main_2025-04_to_2026-10|all_buys,ongold-resources,ONGold Resources Ltd,2,165,390,3,1,2,0.61,0.51
main_2025-04_to_2026-10|all_buys,osisko-metals,Osisko Metals,3,91,464,45,3,42,3.3,9.05
main_2025-04_to_2026-10|all_buys,petrolympic-ltd,petrolympic-ltd,1,91,464,0,0,0,0.0,0.0
main_2025-04_to_2026-10|all_buys,pirate-gold,Pirate Gold,1,91,464,0,0,0,0.0,0.0
main_2025-04_to_2026-10|all_buys,power-metals,Power Metals,1,91,464,0,0,0,0.0,0.0
main_2025-04_to_2026-10|all_buys,probe-gold,Probe Gold,7,100,455,0,0,0,0.0,0.0
main_2025-04_to_2026-10|all_buys,prospector-metals,Prospector Metals Corp.,1,91,464,2,0,2,0.0,0.43
main_2025-04_to_2026-10|all_buys,ptx-metals-inc,ptx-metals-inc,2,97,458,0,0,0,0.0,0.0
main_2025-04_to_2026-10|all_buys,quantum-critical-metals-corp,quantum-critical-metals-corp,2,182,373,0,0,0,0.0,0.0
main_2025-04_to_2026-10|all_buys,quebec-innovative-materials-corp,quebec-innovative-materials-corp,4,117,438,0,0,0,0.0,0.0
main_2025-04_to_2026-10|all_buys,red-canyon-resources,Red Canyon Resources,4,182,373,24,8,16,4.4,4.29
main_2025-04_to_2026-10|all_buys,renegade-gold,Renegade Gold,4,262,293,11,11,0,4.2,0.0
main_2025-04_to_2026-10|all_buys,renforth-resources-inc,renforth-resources-inc,3,117,438,0,0,0,0.0,0.0
main_2025-04_to_2026-10|all_buys,rev-exploration-corp,rev-exploration-corp,4,173,382,0,0,0,0.0,0.0
main_2025-04_to_2026-10|all_buys,rio-tinto,Rio Tinto,3,63,492,0,0,0,0.0,0.0
main_2025-04_to_2026-10|all_buys,rjk-explorations-ltd,rjk-explorations-ltd,7,414,141,0,0,0,0.0,0.0
main_2025-04_to_2026-10|all_buys,route-109-resources-inc,route-109-resources-inc,3,163,392,0,0,0,0.0,0.0
main_2025-04_to_2026-10|all_buys,rpx-gold,RPX Gold Inc.,1,91,464,2,0,2,0.0,0.43
main_2025-04_to_2026-10|all_buys,rt-minerals-corp,rt-minerals-corp,3,91,464,0,0,0,0.0,0.0
main_2025-04_to_2026-10|all_buys,rupert-resources,Rupert Resources,2,119,436,1,0,1,0.0,0.23
main_2025-04_to_2026-10|all_buys,saga-metals-corp,saga-metals-corp,4,187,368,0,0,0,0.0,0.0
main_2025-04_to_2026-10|all_buys,signature-resources,Signature Resources,1,91,464,8,0,8,0.0,1.72
main_2025-04_to_2026-10|all_buys,silver-storm-mining,Silver Storm Mining,1,91,464,0,0,0,0.0,0.0
main_2025-04_to_2026-10|all_buys,sitka-gold,Sitka Gold,2,91,464,12,0,12,0.0,2.59
main_2025-04_to_2026-10|all_buys,solstice-minerals,Solstice Minerals Limited,3,182,373,0,0,0,0.0,0.0
main_2025-04_to_2026-10|all_buys,srq-resources-inc,srq-resources-inc,7,176,379,0,0,0,0.0,0.0
main_2025-04_to_2026-10|all_buys,stakeholder-gold,Stakeholder Gold,2,127,428,18,1,17,0.79,3.97
main_2025-04_to_2026-10|all_buys,stardust-metal,Stardust Metal,1,55,500,1,0,1,0.0,0.2
main_2025-04_to_2026-10|all_buys,sterling-metals,Sterling Metals,1,91,464,3,0,3,0.0,0.65
main_2025-04_to_2026-10|all_buys,strategic-metals,Strategic Metals,4,91,464,0,0,0,0.0,0.0
main_2025-04_to_2026-10|all_buys,strategx-elements-corp,strategx-elements-corp,1,59,496,0,0,0,0.0,0.0
main_2025-04_to_2026-10|all_buys,surge-copper,Surge Copper,1,30,525,5,0,5,0.0,0.95
main_2025-04_to_2026-10|all_buys,teck-resources,Teck Resources,1,91,464,0,0,0,0.0,0.0
main_2025-04_to_2026-10|all_buys,tomagold-corporation,tomagold-corporation,1,91,464,0,0,0,0.0,0.0
main_2025-04_to_2026-10|all_buys,total-metals,Total Metals Corp.,1,91,464,0,0,0,0.0,0.0
main_2025-04_to_2026-10|all_buys,transition-metals,Transition Metals,5,163,392,1,0,1,0.0,0.26
main_2025-04_to_2026-10|all_buys,viridian-metals-inc,viridian-metals-inc,1,37,518,0,0,0,0.0,0.0
main_2025-04_to_2026-10|all_buys,visible-gold-mines-inc,visible-gold-mines-inc,4,163,392,0,0,0,0.0,0.0
main_2025-04_to_2026-10|all_buys,vision-lithium-inc,vision-lithium-inc,1,91,464,0,0,0,0.0,0.0
main_2025-04_to_2026-10|all_buys,vista-gold,Vista Gold,2,93,462,0,0,0,0.0,0.0
main_2025-04_to_2026-10|all_buys,vizsla-copper,Vizsla Copper,1,84,471,4,0,4,0.0,0.85
main_2025-04_to_2026-10|all_buys,vr-resources,VR Resources,4,91,464,0,0,0,0.0,0.0
main_2025-04_to_2026-10|all_buys,vulcan-minerals,Vulcan Minerals,1,71,484,0,0,0,0.0,0.0
main_2025-04_to_2026-10|all_buys,walker-lane-resources,Walker Lane Resources,3,91,464,17,0,17,0.0,3.66
main_2025-04_to_2026-10|all_buys,wesdome-gold-mines,Wesdome,3,182,373,2,1,1,0.55,0.27
main_2025-04_to_2026-10|all_buys,white-gold,White Gold,6,263,292,12,0,12,0.0,4.11
main_2025-04_to_2026-10|all_buys,winshear-metals-corp,winshear-metals-corp,3,215,340,0,0,0,0.0,0.0
main_2025-04_to_2026-10|all_buys,xxix-metal-corp,xxix-metal-corp,3,174,381,0,0,0,0.0,0.0
main_2025-04_to_2026-10|open_market,abitibi-metals,Abitibi Metals,4,171,384,11,1,10,0.58,2.6
main_2025-04_to_2026-10|open_market,agnico-eagle,Agnico Eagle Mines,8,91,464,2,0,2,0.0,0.43
main_2025-04_to_2026-10|open_market,alamos-gold,Alamos Gold,7,91,464,0,0,0,0.0,0.0
main_2025-04_to_2026-10|open_market,almonty-industries,Almonty Industries,2,91,464,2,1,1,1.1,0.22
main_2025-04_to_2026-10|open_market,amex-exploration,Amex Exploration,5,239,316,0,0,0,0.0,0.0
main_2025-04_to_2026-10|open_market,anglogold,AngloGold Ashanti,1,91,464,0,0,0,0.0,0.0
main_2025-04_to_2026-10|open_market,apex-critical-metals-corp,apex-critical-metals-corp,3,91,464,0,0,0,0.0,0.0
main_2025-04_to_2026-10|open_market,arbor-metals-corp,arbor-metals-corp,1,91,464,0,0,0,0.0,0.0
main_2025-04_to_2026-10|open_market,arcelormittal,arcelormittal,1,91,464,0,0,0,0.0,0.0
main_2025-04_to_2026-10|open_market,argo-gold-inc,argo-gold-inc,3,151,404,0,0,0,0.0,0.0
main_2025-04_to_2026-10|open_market,ashley-gold-corp,ashley-gold-corp,2,161,394,0,0,0,0.0,0.0
main_2025-04_to_2026-10|open_market,athena-gold-corporation,athena-gold-corporation,4,253,302,0,0,0,0.0,0.0
main_2025-04_to_2026-10|open_market,auq-gold-mining-inc,auq-gold-mining-inc,1,91,464,0,0,0,0.0,0.0
main_2025-04_to_2026-10|open_market,auriginal-mining-corp,auriginal-mining-corp,5,71,484,0,0,0,0.0,0.0
main_2025-04_to_2026-10|open_market,azimut-exploration,Azimut Exploration,7,327,228,26,22,4,6.73,1.75
main_2025-04_to_2026-10|open_market,banyan-gold,Banyan Gold,3,91,464,0,0,0,0.0,0.0
main_2025-04_to_2026-10|open_market,barranco-gold-mining-corp,barranco-gold-mining-corp,1,91,464,0,0,0,0.0,0.0
main_2025-04_to_2026-10|open_market,barrick,Barrick Mining,3,91,464,11,5,6,5.49,1.29
main_2025-04_to_2026-10|open_market,benton-resources,Benton Resources,4,185,370,4,0,4,0.0,1.08
main_2025-04_to_2026-10|open_market,big-ridge-gold,Big Ridge Gold Corp.,5,215,340,4,2,2,0.93,0.59
main_2025-04_to_2026-10|open_market,black-stone-minerals,Black Stone Minerals,3,181,374,19,1,18,0.55,4.81
main_2025-04_to_2026-10|open_market,blue-lagoon-resources,Blue Lagoon Resources,1,56,499,1,0,1,0.0,0.2
main_2025-04_to_2026-10|open_market,bold-ventures-inc,bold-ventures-inc,4,166,389,0,0,0,0.0,0.0
main_2025-04_to_2026-10|open_market,bonterra-resources,Bonterra Resources,1,72,483,15,0,15,0.0,3.11
main_2025-04_to_2026-10|open_market,btu-metals,BTU Metals,6,182,373,1,0,1,0.0,0.27
main_2025-04_to_2026-10|open_market,canada-nickel,Canada Nickel,5,115,440,0,0,0,0.0,0.0
main_2025-04_to_2026-10|open_market,canada-one-mining-corp,canada-one-mining-corp,1,91,464,0,0,0,0.0,0.0
main_2025-04_to_2026-10|open_market,canadian-gold-resources-ltd,canadian-gold-resources-ltd,3,70,485,0,0,0,0.0,0.0
main_2025-04_to_2026-10|open_market,canadian-royalties,canadian-royalties,4,91,464,0,0,0,0.0,0.0
main_2025-04_to_2026-10|open_market,canuc-resources-corporation,canuc-resources-corporation,1,91,464,0,0,0,0.0,0.0
main_2025-04_to_2026-10|open_market,cascadia-minerals,Cascadia Minerals,3,91,464,7,3,4,3.3,0.86
main_2025-04_to_2026-10|open_market,cdn-maverick-capital-corp,cdn-maverick-capital-corp,7,389,166,0,0,0,0.0,0.0
main_2025-04_to_2026-10|open_market,cleghorn-minerals-ltd,cleghorn-minerals-ltd,1,91,464,0,0,0,0.0,0.0
main_2025-04_to_2026-10|open_market,coast-copper-corp,coast-copper-corp,4,122,433,0,0,0,0.0,0.0
main_2025-04_to_2026-10|open_market,cobalt-blue-holdings,Cobalt Blue Holdings,2,124,431,0,0,0,0.0,0.0
main_2025-04_to_2026-10|open_market,coniagas-battery-metals-inc,coniagas-battery-metals-inc,3,91,464,0,0,0,0.0,0.0
main_2025-04_to_2026-10|open_market,copper-quest-exploration-inc,copper-quest-exploration-inc,1,91,464,0,0,0,0.0,0.0
main_2025-04_to_2026-10|open_market,copper-road-resources-inc,copper-road-resources-inc,1,91,464,0,0,0,0.0,0.0
main_2025-04_to_2026-10|open_market,core-critical-metals-corp,core-critical-metals-corp,1,91,464,0,0,0,0.0,0.0
main_2025-04_to_2026-10|open_market,cupani-metals-corp,cupani-metals-corp,2,91,464,0,0,0,0.0,0.0
main_2025-04_to_2026-10|open_market,delta-resources,Delta Resources Limited,1,91,464,64,17,47,18.68,10.13
main_2025-04_to_2026-10|open_market,diagnamed-holdings-corp,diagnamed-holdings-corp,1,76,479,0,0,0,0.0,0.0
main_2025-04_to_2026-10|open_market,dryden-gold,Dryden Gold Corp,4,141,414,3,2,1,1.42,0.24
main_2025-04_to_2026-10|open_market,eagle-plains-resources,Eagle Plains Resources,4,71,484,4,0,4,0.0,0.83
main_2025-04_to_2026-10|open_market,egr-exploration-ltd,egr-exploration-ltd,1,58,497,0,0,0,0.0,0.0
main_2025-04_to_2026-10|open_market,elcora-advanced-materials,Elcora Advanced Materials,5,182,373,0,0,0,0.0,0.0
main_2025-04_to_2026-10|open_market,eldorado-gold,Eldorado Gold,2,143,412,15,0,15,0.0,3.64
main_2025-04_to_2026-10|open_market,energy-fuels,Energy Fuels,4,84,471,2,0,2,0.0,0.42
main_2025-04_to_2026-10|open_market,engineer-gold-mines-ltd,engineer-gold-mines-ltd,2,114,441,0,0,0,0.0,0.0
main_2025-04_to_2026-10|open_market,esgold,ESGold Corp,5,122,433,2,1,1,0.82,0.23
main_2025-04_to_2026-10|open_market,eureka-metals-corp,eureka-metals-corp,1,91,464,0,0,0,0.0,0.0
main_2025-04_to_2026-10|open_market,falcon-gold,Falcon Gold Corp.,1,91,464,4,0,4,0.0,0.86
main_2025-04_to_2026-10|open_market,fancamp-exploration,Fancamp Exploration Ltd.,5,106,449,1,0,1,0.0,0.22
main_2025-04_to_2026-10|open_market,finlay-minerals-ltd,finlay-minerals-ltd,1,59,496,0,0,0,0.0,0.0
main_2025-04_to_2026-10|open_market,first-canadian-graphite-inc,first-canadian-graphite-inc,4,266,289,0,0,0,0.0,0.0
main_2025-04_to_2026-10|open_market,first-phosphate-corp,first-phosphate-corp,4,172,383,0,0,0,0.0,0.0
main_2025-04_to_2026-10|open_market,first-quantum-minerals,First Quantum Minerals,4,100,455,10,1,9,1.0,1.98
main_2025-04_to_2026-10|open_market,flow-metals-corp,flow-metals-corp,1,91,464,0,0,0,0.0,0.0
main_2025-04_to_2026-10|open_market,formation-metals-inc,formation-metals-inc,1,91,464,0,0,0,0.0,0.0
main_2025-04_to_2026-10|open_market,freeman-gold,Freeman Gold,2,94,461,39,1,38,1.06,8.24
main_2025-04_to_2026-10|open_market,frontier-lithium-inc,frontier-lithium-inc,2,98,457,0,0,0,0.0,0.0
main_2025-04_to_2026-10|open_market,g2-goldfields,G2 Goldfields,2,118,437,0,0,0,0.0,0.0
main_2025-04_to_2026-10|open_market,generic-gold-corp,generic-gold-corp,4,202,353,0,0,0,0.0,0.0
main_2025-04_to_2026-10|open_market,germanium-mining-corp,germanium-mining-corp,3,104,451,0,0,0,0.0,0.0
main_2025-04_to_2026-10|open_market,gfg-resources,GFG Resources,3,130,425,27,0,27,0.0,6.35
main_2025-04_to_2026-10|open_market,gladiator-metals,Gladiator Metals,4,156,399,2,0,2,0.0,0.5
main_2025-04_to_2026-10|open_market,globex-mining-enterprises,Globex Mining Enterprises,3,100,455,9,4,5,4.0,1.1
main_2025-04_to_2026-10|open_market,go-metals-corp,go-metals-corp,4,93,462,0,0,0,0.0,0.0
main_2025-04_to_2026-10|open_market,gold-fields,Gold Fields,5,361,194,0,0,0,0.0,0.0
main_2025-04_to_2026-10|open_market,gold-finder-resources,Gold Finder Resources,1,91,464,2,2,0,2.2,0.0
main_2025-04_to_2026-10|open_market,gold-strike-resources-corp,gold-strike-resources-corp,3,90,465,0,0,0,0.0,0.0
main_2025-04_to_2026-10|open_market,golden-arrow,Golden Arrow,4,91,464,0,0,0,0.0,0.0
main_2025-04_to_2026-10|open_market,golden-rapture-mining-corporation,golden-rapture-mining-corporation,3,225,330,0,0,0,0.0,0.0
main_2025-04_to_2026-10|open_market,goldhaven-resources-corp,goldhaven-resources-corp,2,50,505,0,0,0,0.0,0.0
main_2025-04_to_2026-10|open_market,graycliff-exploration-limited,graycliff-exploration-limited,1,91,464,0,0,0,0.0,0.0
main_2025-04_to_2026-10|open_market,great-red-lake-gold-corp,great-red-lake-gold-corp,1,91,464,0,0,0,0.0,0.0
main_2025-04_to_2026-10|open_market,grizzly-discoveries-inc,grizzly-discoveries-inc,3,18,537,0,0,0,0.0,0.0
main_2025-04_to_2026-10|open_market,harfang-exploration,Harfang Exploration,3,153,402,3,0,3,0.0,0.75
main_2025-04_to_2026-10|open_market,heritage-mining-ltd,heritage-mining-ltd,6,91,464,0,0,0,0.0,0.0
main_2025-04_to_2026-10|open_market,honey-badger-silver,Honey Badger Silver,3,182,373,4,0,4,0.0,1.07
main_2025-04_to_2026-10|open_market,iamgold,IAMGOLD,5,261,294,7,5,2,1.92,0.68
main_2025-04_to_2026-10|open_market,independence-gold,Independence Gold,2,80,475,4,0,4,0.0,0.84
main_2025-04_to_2026-10|open_market,international-tower-hill,International Tower Hill,8,325,230,0,0,0,0.0,0.0
main_2025-04_to_2026-10|open_market,inventus-mining,Inventus Mining,2,133,422,12,9,3,6.77,0.71
main_2025-04_to_2026-10|open_market,j2-metals-inc,j2-metals-inc,1,51,504,0,0,0,0.0,0.0
main_2025-04_to_2026-10|open_market,k2-gold,K2 Gold,2,104,451,5,0,5,0.0,1.11
main_2025-04_to_2026-10|open_market,kenorland-minerals,Kenorland Minerals,6,401,154,5,4,1,1.0,0.65
main_2025-04_to_2026-10|open_market,kiboko-gold-inc,kiboko-gold-inc,1,91,464,0,0,0,0.0,0.0
main_2025-04_to_2026-10|open_market,kirkland-lake-discoveries,Kirkland Lake Discoveries,3,182,373,7,3,4,1.65,1.07
main_2025-04_to_2026-10|open_market,lake-victoria-gold,Lake Victoria Gold,2,92,463,1,0,1,0.0,0.22
main_2025-04_to_2026-10|open_market,leopard-lake-gold-corp,leopard-lake-gold-corp,6,286,269,0,0,0,0.0,0.0
main_2025-04_to_2026-10|open_market,loyalist-exploration-limited,loyalist-exploration-limited,1,91,464,0,0,0,0.0,0.0
main_2025-04_to_2026-10|open_market,maple-gold-mines,Maple Gold Mines,1,66,489,1,0,1,0.0,0.2
main_2025-04_to_2026-10|open_market,mcfarlane-lake-mining,McFarlane Lake Mining,1,91,464,22,7,15,7.69,3.23
main_2025-04_to_2026-10|open_market,metal-energy,Metal Energy,5,392,163,0,0,0,0.0,0.0
main_2025-04_to_2026-10|open_market,metalquest-mining-inc,metalquest-mining-inc,1,91,464,0,0,0,0.0,0.0
main_2025-04_to_2026-10|open_market,metals-creek-resources-corp,metals-creek-resources-corp,1,91,464,0,0,0,0.0,0.0
main_2025-04_to_2026-10|open_market,midland-exploration,Midland Exploration,6,193,362,3,0,3,0.0,0.83
main_2025-04_to_2026-10|open_market,mineral-road-discovery-inc,mineral-road-discovery-inc,2,91,464,0,0,0,0.0,0.0
main_2025-04_to_2026-10|open_market,mink-ventures-corporation,mink-ventures-corporation,3,141,414,0,0,0,0.0,0.0
main_2025-04_to_2026-10|open_market,mundoro-capital,Mundoro Capital,2,182,373,0,0,0,0.0,0.0
main_2025-04_to_2026-10|open_market,naughty-ventures-corp,naughty-ventures-corp,2,153,402,0,0,0,0.0,0.0
main_2025-04_to_2026-10|open_market,neoterrex-minerals-inc,neoterrex-minerals-inc,6,132,423,0,0,0,0.0,0.0
main_2025-04_to_2026-10|open_market,new-age-metals,New Age Metals,4,209,346,1,1,0,0.48,0.0
main_2025-04_to_2026-10|open_market,new-break-resources-ltd,new-break-resources-ltd,4,91,464,0,0,0,0.0,0.0
main_2025-04_to_2026-10|open_market,new-gold,New Gold,2,118,437,0,0,0,0.0,0.0
main_2025-04_to_2026-10|open_market,nickel-creek-platinum,Nickel Creek Platinum,2,91,464,0,0,0,0.0,0.0
main_2025-04_to_2026-10|open_market,noble-mineral-exploration,Noble Mineral Exploration Inc.,1,91,464,0,0,0,0.0,0.0
main_2025-04_to_2026-10|open_market,nord-precious-metals,Nord Precious Metals,2,182,373,0,0,0,0.0,0.0
main_2025-04_to_2026-10|open_market,nortec-minerals-corp,nortec-minerals-corp,2,182,373,0,0,0,0.0,0.0
main_2025-04_to_2026-10|open_market,north-american-niobium-and-critical-minerals-corp,north-american-niobium-and-critical-minerals-corp,3,258,297,0,0,0,0.0,0.0
main_2025-04_to_2026-10|open_market,nuvau-minerals-inc,nuvau-minerals-inc,4,249,306,0,0,0,0.0,0.0
main_2025-04_to_2026-10|open_market,oceanic-iron-ore-corp,oceanic-iron-ore-corp,7,91,464,0,0,0,0.0,0.0
main_2025-04_to_2026-10|open_market,ongold-resources,ONGold Resources Ltd,2,165,390,2,0,2,0.0,0.51
main_2025-04_to_2026-10|open_market,osisko-metals,Osisko Metals,3,91,464,45,3,42,3.3,9.05
main_2025-04_to_2026-10|open_market,petrolympic-ltd,petrolympic-ltd,1,91,464,0,0,0,0.0,0.0
main_2025-04_to_2026-10|open_market,pirate-gold,Pirate Gold,1,91,464,0,0,0,0.0,0.0
main_2025-04_to_2026-10|open_market,power-metals,Power Metals,1,91,464,0,0,0,0.0,0.0
main_2025-04_to_2026-10|open_market,probe-gold,Probe Gold,7,100,455,0,0,0,0.0,0.0
main_2025-04_to_2026-10|open_market,prospector-metals,Prospector Metals Corp.,1,91,464,0,0,0,0.0,0.0
main_2025-04_to_2026-10|open_market,ptx-metals-inc,ptx-metals-inc,2,97,458,0,0,0,0.0,0.0
main_2025-04_to_2026-10|open_market,quantum-critical-metals-corp,quantum-critical-metals-corp,2,182,373,0,0,0,0.0,0.0
main_2025-04_to_2026-10|open_market,quebec-innovative-materials-corp,quebec-innovative-materials-corp,4,117,438,0,0,0,0.0,0.0
main_2025-04_to_2026-10|open_market,red-canyon-resources,Red Canyon Resources,4,182,373,22,8,14,4.4,3.75
main_2025-04_to_2026-10|open_market,renegade-gold,Renegade Gold,4,262,293,10,10,0,3.82,0.0
main_2025-04_to_2026-10|open_market,renforth-resources-inc,renforth-resources-inc,3,117,438,0,0,0,0.0,0.0
main_2025-04_to_2026-10|open_market,rev-exploration-corp,rev-exploration-corp,4,173,382,0,0,0,0.0,0.0
main_2025-04_to_2026-10|open_market,rio-tinto,Rio Tinto,3,63,492,0,0,0,0.0,0.0
main_2025-04_to_2026-10|open_market,rjk-explorations-ltd,rjk-explorations-ltd,7,414,141,0,0,0,0.0,0.0
main_2025-04_to_2026-10|open_market,route-109-resources-inc,route-109-resources-inc,3,163,392,0,0,0,0.0,0.0
main_2025-04_to_2026-10|open_market,rpx-gold,RPX Gold Inc.,1,91,464,1,0,1,0.0,0.22
main_2025-04_to_2026-10|open_market,rt-minerals-corp,rt-minerals-corp,3,91,464,0,0,0,0.0,0.0
main_2025-04_to_2026-10|open_market,rupert-resources,Rupert Resources,2,119,436,1,0,1,0.0,0.23
main_2025-04_to_2026-10|open_market,saga-metals-corp,saga-metals-corp,4,187,368,0,0,0,0.0,0.0
main_2025-04_to_2026-10|open_market,signature-resources,Signature Resources,1,91,464,5,0,5,0.0,1.08
main_2025-04_to_2026-10|open_market,silver-storm-mining,Silver Storm Mining,1,91,464,0,0,0,0.0,0.0
main_2025-04_to_2026-10|open_market,sitka-gold,Sitka Gold,2,91,464,12,0,12,0.0,2.59
main_2025-04_to_2026-10|open_market,solstice-minerals,Solstice Minerals Limited,3,182,373,0,0,0,0.0,0.0
main_2025-04_to_2026-10|open_market,srq-resources-inc,srq-resources-inc,7,176,379,0,0,0,0.0,0.0
main_2025-04_to_2026-10|open_market,stakeholder-gold,Stakeholder Gold,2,127,428,15,0,15,0.0,3.5
main_2025-04_to_2026-10|open_market,stardust-metal,Stardust Metal,1,55,500,0,0,0,0.0,0.0
main_2025-04_to_2026-10|open_market,sterling-metals,Sterling Metals,1,91,464,0,0,0,0.0,0.0
main_2025-04_to_2026-10|open_market,strategic-metals,Strategic Metals,4,91,464,0,0,0,0.0,0.0
main_2025-04_to_2026-10|open_market,strategx-elements-corp,strategx-elements-corp,1,59,496,0,0,0,0.0,0.0
main_2025-04_to_2026-10|open_market,surge-copper,Surge Copper,1,30,525,4,0,4,0.0,0.76
main_2025-04_to_2026-10|open_market,teck-resources,Teck Resources,1,91,464,0,0,0,0.0,0.0
main_2025-04_to_2026-10|open_market,tomagold-corporation,tomagold-corporation,1,91,464,0,0,0,0.0,0.0
main_2025-04_to_2026-10|open_market,total-metals,Total Metals Corp.,1,91,464,0,0,0,0.0,0.0
main_2025-04_to_2026-10|open_market,transition-metals,Transition Metals,5,163,392,0,0,0,0.0,0.0
main_2025-04_to_2026-10|open_market,viridian-metals-inc,viridian-metals-inc,1,37,518,0,0,0,0.0,0.0
main_2025-04_to_2026-10|open_market,visible-gold-mines-inc,visible-gold-mines-inc,4,163,392,0,0,0,0.0,0.0
main_2025-04_to_2026-10|open_market,vision-lithium-inc,vision-lithium-inc,1,91,464,0,0,0,0.0,0.0
main_2025-04_to_2026-10|open_market,vista-gold,Vista Gold,2,93,462,0,0,0,0.0,0.0
main_2025-04_to_2026-10|open_market,vizsla-copper,Vizsla Copper,1,84,471,1,0,1,0.0,0.21
main_2025-04_to_2026-10|open_market,vr-resources,VR Resources,4,91,464,0,0,0,0.0,0.0
main_2025-04_to_2026-10|open_market,vulcan-minerals,Vulcan Minerals,1,71,484,0,0,0,0.0,0.0
main_2025-04_to_2026-10|open_market,walker-lane-resources,Walker Lane Resources,3,91,464,17,0,17,0.0,3.66
main_2025-04_to_2026-10|open_market,wesdome-gold-mines,Wesdome,3,182,373,2,1,1,0.55,0.27
main_2025-04_to_2026-10|open_market,white-gold,White Gold,6,263,292,11,0,11,0.0,3.77
main_2025-04_to_2026-10|open_market,winshear-metals-corp,winshear-metals-corp,3,215,340,0,0,0,0.0,0.0
main_2025-04_to_2026-10|open_market,xxix-metal-corp,xxix-metal-corp,3,174,381,0,0,0,0.0,0.0
main_2025-04_to_2026-10|placements,abitibi-metals,Abitibi Metals,4,171,384,0,0,0,0.0,0.0
main_2025-04_to_2026-10|placements,agnico-eagle,Agnico Eagle Mines,8,91,464,0,0,0,0.0,0.0
main_2025-04_to_2026-10|placements,alamos-gold,Alamos Gold,7,91,464,0,0,0,0.0,0.0
main_2025-04_to_2026-10|placements,almonty-industries,Almonty Industries,2,91,464,0,0,0,0.0,0.0
main_2025-04_to_2026-10|placements,amex-exploration,Amex Exploration,5,239,316,4,3,1,1.26,0.32
main_2025-04_to_2026-10|placements,anglogold,AngloGold Ashanti,1,91,464,0,0,0,0.0,0.0
main_2025-04_to_2026-10|placements,apex-critical-metals-corp,apex-critical-metals-corp,3,91,464,0,0,0,0.0,0.0
main_2025-04_to_2026-10|placements,arbor-metals-corp,arbor-metals-corp,1,91,464,0,0,0,0.0,0.0
main_2025-04_to_2026-10|placements,arcelormittal,arcelormittal,1,91,464,0,0,0,0.0,0.0
main_2025-04_to_2026-10|placements,argo-gold-inc,argo-gold-inc,3,151,404,0,0,0,0.0,0.0
main_2025-04_to_2026-10|placements,ashley-gold-corp,ashley-gold-corp,2,161,394,0,0,0,0.0,0.0
main_2025-04_to_2026-10|placements,athena-gold-corporation,athena-gold-corporation,4,253,302,0,0,0,0.0,0.0
main_2025-04_to_2026-10|placements,auq-gold-mining-inc,auq-gold-mining-inc,1,91,464,0,0,0,0.0,0.0
main_2025-04_to_2026-10|placements,auriginal-mining-corp,auriginal-mining-corp,5,71,484,0,0,0,0.0,0.0
main_2025-04_to_2026-10|placements,azimut-exploration,Azimut Exploration,7,327,228,1,1,0,0.31,0.0
main_2025-04_to_2026-10|placements,banyan-gold,Banyan Gold,3,91,464,0,0,0,0.0,0.0
main_2025-04_to_2026-10|placements,barranco-gold-mining-corp,barranco-gold-mining-corp,1,91,464,0,0,0,0.0,0.0
main_2025-04_to_2026-10|placements,barrick,Barrick Mining,3,91,464,0,0,0,0.0,0.0
main_2025-04_to_2026-10|placements,benton-resources,Benton Resources,4,185,370,2,2,0,1.08,0.0
main_2025-04_to_2026-10|placements,big-ridge-gold,Big Ridge Gold Corp.,5,215,340,1,0,1,0.0,0.29
main_2025-04_to_2026-10|placements,black-stone-minerals,Black Stone Minerals,3,181,374,0,0,0,0.0,0.0
main_2025-04_to_2026-10|placements,blue-lagoon-resources,Blue Lagoon Resources,1,56,499,1,0,1,0.0,0.2
main_2025-04_to_2026-10|placements,bold-ventures-inc,bold-ventures-inc,4,166,389,0,0,0,0.0,0.0
main_2025-04_to_2026-10|placements,bonterra-resources,Bonterra Resources,1,72,483,0,0,0,0.0,0.0
main_2025-04_to_2026-10|placements,btu-metals,BTU Metals,6,182,373,1,0,1,0.0,0.27
main_2025-04_to_2026-10|placements,canada-nickel,Canada Nickel,5,115,440,2,2,0,1.74,0.0
main_2025-04_to_2026-10|placements,canada-one-mining-corp,canada-one-mining-corp,1,91,464,0,0,0,0.0,0.0
main_2025-04_to_2026-10|placements,canadian-gold-resources-ltd,canadian-gold-resources-ltd,3,70,485,0,0,0,0.0,0.0
main_2025-04_to_2026-10|placements,canadian-royalties,canadian-royalties,4,91,464,0,0,0,0.0,0.0
main_2025-04_to_2026-10|placements,canuc-resources-corporation,canuc-resources-corporation,1,91,464,0,0,0,0.0,0.0
main_2025-04_to_2026-10|placements,cascadia-minerals,Cascadia Minerals,3,91,464,1,0,1,0.0,0.22
main_2025-04_to_2026-10|placements,cdn-maverick-capital-corp,cdn-maverick-capital-corp,7,389,166,0,0,0,0.0,0.0
main_2025-04_to_2026-10|placements,cleghorn-minerals-ltd,cleghorn-minerals-ltd,1,91,464,0,0,0,0.0,0.0
main_2025-04_to_2026-10|placements,coast-copper-corp,coast-copper-corp,4,122,433,0,0,0,0.0,0.0
main_2025-04_to_2026-10|placements,cobalt-blue-holdings,Cobalt Blue Holdings,2,124,431,0,0,0,0.0,0.0
main_2025-04_to_2026-10|placements,coniagas-battery-metals-inc,coniagas-battery-metals-inc,3,91,464,0,0,0,0.0,0.0
main_2025-04_to_2026-10|placements,copper-quest-exploration-inc,copper-quest-exploration-inc,1,91,464,0,0,0,0.0,0.0
main_2025-04_to_2026-10|placements,copper-road-resources-inc,copper-road-resources-inc,1,91,464,0,0,0,0.0,0.0
main_2025-04_to_2026-10|placements,core-critical-metals-corp,core-critical-metals-corp,1,91,464,0,0,0,0.0,0.0
main_2025-04_to_2026-10|placements,cupani-metals-corp,cupani-metals-corp,2,91,464,0,0,0,0.0,0.0
main_2025-04_to_2026-10|placements,delta-resources,Delta Resources Limited,1,91,464,0,0,0,0.0,0.0
main_2025-04_to_2026-10|placements,diagnamed-holdings-corp,diagnamed-holdings-corp,1,76,479,0,0,0,0.0,0.0
main_2025-04_to_2026-10|placements,dryden-gold,Dryden Gold Corp,4,141,414,2,0,2,0.0,0.48
main_2025-04_to_2026-10|placements,eagle-plains-resources,Eagle Plains Resources,4,71,484,1,0,1,0.0,0.21
main_2025-04_to_2026-10|placements,egr-exploration-ltd,egr-exploration-ltd,1,58,497,0,0,0,0.0,0.0
main_2025-04_to_2026-10|placements,elcora-advanced-materials,Elcora Advanced Materials,5,182,373,2,0,2,0.0,0.54
main_2025-04_to_2026-10|placements,eldorado-gold,Eldorado Gold,2,143,412,0,0,0,0.0,0.0
main_2025-04_to_2026-10|placements,energy-fuels,Energy Fuels,4,84,471,0,0,0,0.0,0.0
main_2025-04_to_2026-10|placements,engineer-gold-mines-ltd,engineer-gold-mines-ltd,2,114,441,0,0,0,0.0,0.0
main_2025-04_to_2026-10|placements,esgold,ESGold Corp,5,122,433,2,0,2,0.0,0.46
main_2025-04_to_2026-10|placements,eureka-metals-corp,eureka-metals-corp,1,91,464,0,0,0,0.0,0.0
main_2025-04_to_2026-10|placements,falcon-gold,Falcon Gold Corp.,1,91,464,0,0,0,0.0,0.0
main_2025-04_to_2026-10|placements,fancamp-exploration,Fancamp Exploration Ltd.,5,106,449,1,0,1,0.0,0.22
main_2025-04_to_2026-10|placements,finlay-minerals-ltd,finlay-minerals-ltd,1,59,496,0,0,0,0.0,0.0
main_2025-04_to_2026-10|placements,first-canadian-graphite-inc,first-canadian-graphite-inc,4,266,289,0,0,0,0.0,0.0
main_2025-04_to_2026-10|placements,first-phosphate-corp,first-phosphate-corp,4,172,383,0,0,0,0.0,0.0
main_2025-04_to_2026-10|placements,first-quantum-minerals,First Quantum Minerals,4,100,455,0,0,0,0.0,0.0
main_2025-04_to_2026-10|placements,flow-metals-corp,flow-metals-corp,1,91,464,0,0,0,0.0,0.0
main_2025-04_to_2026-10|placements,formation-metals-inc,formation-metals-inc,1,91,464,0,0,0,0.0,0.0
main_2025-04_to_2026-10|placements,freeman-gold,Freeman Gold,2,94,461,2,0,2,0.0,0.43
main_2025-04_to_2026-10|placements,frontier-lithium-inc,frontier-lithium-inc,2,98,457,0,0,0,0.0,0.0
main_2025-04_to_2026-10|placements,g2-goldfields,G2 Goldfields,2,118,437,0,0,0,0.0,0.0
main_2025-04_to_2026-10|placements,generic-gold-corp,generic-gold-corp,4,202,353,0,0,0,0.0,0.0
main_2025-04_to_2026-10|placements,germanium-mining-corp,germanium-mining-corp,3,104,451,0,0,0,0.0,0.0
main_2025-04_to_2026-10|placements,gfg-resources,GFG Resources,3,130,425,2,0,2,0.0,0.47
main_2025-04_to_2026-10|placements,gladiator-metals,Gladiator Metals,4,156,399,0,0,0,0.0,0.0
main_2025-04_to_2026-10|placements,globex-mining-enterprises,Globex Mining Enterprises,3,100,455,1,0,1,0.0,0.22
main_2025-04_to_2026-10|placements,go-metals-corp,go-metals-corp,4,93,462,0,0,0,0.0,0.0
main_2025-04_to_2026-10|placements,gold-fields,Gold Fields,5,361,194,0,0,0,0.0,0.0
main_2025-04_to_2026-10|placements,gold-finder-resources,Gold Finder Resources,1,91,464,0,0,0,0.0,0.0
main_2025-04_to_2026-10|placements,gold-strike-resources-corp,gold-strike-resources-corp,3,90,465,0,0,0,0.0,0.0
main_2025-04_to_2026-10|placements,golden-arrow,Golden Arrow,4,91,464,0,0,0,0.0,0.0
main_2025-04_to_2026-10|placements,golden-rapture-mining-corporation,golden-rapture-mining-corporation,3,225,330,0,0,0,0.0,0.0
main_2025-04_to_2026-10|placements,goldhaven-resources-corp,goldhaven-resources-corp,2,50,505,0,0,0,0.0,0.0
main_2025-04_to_2026-10|placements,graycliff-exploration-limited,graycliff-exploration-limited,1,91,464,0,0,0,0.0,0.0
main_2025-04_to_2026-10|placements,great-red-lake-gold-corp,great-red-lake-gold-corp,1,91,464,0,0,0,0.0,0.0
main_2025-04_to_2026-10|placements,grizzly-discoveries-inc,grizzly-discoveries-inc,3,18,537,0,0,0,0.0,0.0
main_2025-04_to_2026-10|placements,harfang-exploration,Harfang Exploration,3,153,402,1,0,1,0.0,0.25
main_2025-04_to_2026-10|placements,heritage-mining-ltd,heritage-mining-ltd,6,91,464,0,0,0,0.0,0.0
main_2025-04_to_2026-10|placements,honey-badger-silver,Honey Badger Silver,3,182,373,4,0,4,0.0,1.07
main_2025-04_to_2026-10|placements,iamgold,IAMGOLD,5,261,294,0,0,0,0.0,0.0
main_2025-04_to_2026-10|placements,independence-gold,Independence Gold,2,80,475,1,0,1,0.0,0.21
main_2025-04_to_2026-10|placements,international-tower-hill,International Tower Hill,8,325,230,1,0,1,0.0,0.43
main_2025-04_to_2026-10|placements,inventus-mining,Inventus Mining,2,133,422,2,0,2,0.0,0.47
main_2025-04_to_2026-10|placements,j2-metals-inc,j2-metals-inc,1,51,504,0,0,0,0.0,0.0
main_2025-04_to_2026-10|placements,k2-gold,K2 Gold,2,104,451,0,0,0,0.0,0.0
main_2025-04_to_2026-10|placements,kenorland-minerals,Kenorland Minerals,6,401,154,0,0,0,0.0,0.0
main_2025-04_to_2026-10|placements,kiboko-gold-inc,kiboko-gold-inc,1,91,464,0,0,0,0.0,0.0
main_2025-04_to_2026-10|placements,kirkland-lake-discoveries,Kirkland Lake Discoveries,3,182,373,0,0,0,0.0,0.0
main_2025-04_to_2026-10|placements,lake-victoria-gold,Lake Victoria Gold,2,92,463,4,1,3,1.09,0.65
main_2025-04_to_2026-10|placements,leopard-lake-gold-corp,leopard-lake-gold-corp,6,286,269,0,0,0,0.0,0.0
main_2025-04_to_2026-10|placements,loyalist-exploration-limited,loyalist-exploration-limited,1,91,464,0,0,0,0.0,0.0
main_2025-04_to_2026-10|placements,maple-gold-mines,Maple Gold Mines,1,66,489,2,0,2,0.0,0.41
main_2025-04_to_2026-10|placements,mcfarlane-lake-mining,McFarlane Lake Mining,1,91,464,4,0,4,0.0,0.86
main_2025-04_to_2026-10|placements,metal-energy,Metal Energy,5,392,163,0,0,0,0.0,0.0
main_2025-04_to_2026-10|placements,metalquest-mining-inc,metalquest-mining-inc,1,91,464,0,0,0,0.0,0.0
main_2025-04_to_2026-10|placements,metals-creek-resources-corp,metals-creek-resources-corp,1,91,464,0,0,0,0.0,0.0
main_2025-04_to_2026-10|placements,midland-exploration,Midland Exploration,6,193,362,2,0,2,0.0,0.55
main_2025-04_to_2026-10|placements,mineral-road-discovery-inc,mineral-road-discovery-inc,2,91,464,0,0,0,0.0,0.0
main_2025-04_to_2026-10|placements,mink-ventures-corporation,mink-ventures-corporation,3,141,414,0,0,0,0.0,0.0
main_2025-04_to_2026-10|placements,mundoro-capital,Mundoro Capital,2,182,373,1,1,0,0.55,0.0
main_2025-04_to_2026-10|placements,naughty-ventures-corp,naughty-ventures-corp,2,153,402,0,0,0,0.0,0.0
main_2025-04_to_2026-10|placements,neoterrex-minerals-inc,neoterrex-minerals-inc,6,132,423,0,0,0,0.0,0.0
main_2025-04_to_2026-10|placements,new-age-metals,New Age Metals,4,209,346,2,1,1,0.48,0.29
main_2025-04_to_2026-10|placements,new-break-resources-ltd,new-break-resources-ltd,4,91,464,0,0,0,0.0,0.0
main_2025-04_to_2026-10|placements,new-gold,New Gold,2,118,437,0,0,0,0.0,0.0
main_2025-04_to_2026-10|placements,nickel-creek-platinum,Nickel Creek Platinum,2,91,464,0,0,0,0.0,0.0
main_2025-04_to_2026-10|placements,noble-mineral-exploration,Noble Mineral Exploration Inc.,1,91,464,0,0,0,0.0,0.0
main_2025-04_to_2026-10|placements,nord-precious-metals,Nord Precious Metals,2,182,373,0,0,0,0.0,0.0
main_2025-04_to_2026-10|placements,nortec-minerals-corp,nortec-minerals-corp,2,182,373,0,0,0,0.0,0.0
main_2025-04_to_2026-10|placements,north-american-niobium-and-critical-minerals-corp,north-american-niobium-and-critical-minerals-corp,3,258,297,0,0,0,0.0,0.0
main_2025-04_to_2026-10|placements,nuvau-minerals-inc,nuvau-minerals-inc,4,249,306,0,0,0,0.0,0.0
main_2025-04_to_2026-10|placements,oceanic-iron-ore-corp,oceanic-iron-ore-corp,7,91,464,0,0,0,0.0,0.0
main_2025-04_to_2026-10|placements,ongold-resources,ONGold Resources Ltd,2,165,390,1,1,0,0.61,0.0
main_2025-04_to_2026-10|placements,osisko-metals,Osisko Metals,3,91,464,0,0,0,0.0,0.0
main_2025-04_to_2026-10|placements,petrolympic-ltd,petrolympic-ltd,1,91,464,0,0,0,0.0,0.0
main_2025-04_to_2026-10|placements,pirate-gold,Pirate Gold,1,91,464,0,0,0,0.0,0.0
main_2025-04_to_2026-10|placements,power-metals,Power Metals,1,91,464,0,0,0,0.0,0.0
main_2025-04_to_2026-10|placements,probe-gold,Probe Gold,7,100,455,0,0,0,0.0,0.0
main_2025-04_to_2026-10|placements,prospector-metals,Prospector Metals Corp.,1,91,464,2,0,2,0.0,0.43
main_2025-04_to_2026-10|placements,ptx-metals-inc,ptx-metals-inc,2,97,458,0,0,0,0.0,0.0
main_2025-04_to_2026-10|placements,quantum-critical-metals-corp,quantum-critical-metals-corp,2,182,373,0,0,0,0.0,0.0
main_2025-04_to_2026-10|placements,quebec-innovative-materials-corp,quebec-innovative-materials-corp,4,117,438,0,0,0,0.0,0.0
main_2025-04_to_2026-10|placements,red-canyon-resources,Red Canyon Resources,4,182,373,2,0,2,0.0,0.54
main_2025-04_to_2026-10|placements,renegade-gold,Renegade Gold,4,262,293,1,1,0,0.38,0.0
main_2025-04_to_2026-10|placements,renforth-resources-inc,renforth-resources-inc,3,117,438,0,0,0,0.0,0.0
main_2025-04_to_2026-10|placements,rev-exploration-corp,rev-exploration-corp,4,173,382,0,0,0,0.0,0.0
main_2025-04_to_2026-10|placements,rio-tinto,Rio Tinto,3,63,492,0,0,0,0.0,0.0
main_2025-04_to_2026-10|placements,rjk-explorations-ltd,rjk-explorations-ltd,7,414,141,0,0,0,0.0,0.0
main_2025-04_to_2026-10|placements,route-109-resources-inc,route-109-resources-inc,3,163,392,0,0,0,0.0,0.0
main_2025-04_to_2026-10|placements,rpx-gold,RPX Gold Inc.,1,91,464,1,0,1,0.0,0.22
main_2025-04_to_2026-10|placements,rt-minerals-corp,rt-minerals-corp,3,91,464,0,0,0,0.0,0.0
main_2025-04_to_2026-10|placements,rupert-resources,Rupert Resources,2,119,436,0,0,0,0.0,0.0
main_2025-04_to_2026-10|placements,saga-metals-corp,saga-metals-corp,4,187,368,0,0,0,0.0,0.0
main_2025-04_to_2026-10|placements,signature-resources,Signature Resources,1,91,464,3,0,3,0.0,0.65
main_2025-04_to_2026-10|placements,silver-storm-mining,Silver Storm Mining,1,91,464,0,0,0,0.0,0.0
main_2025-04_to_2026-10|placements,sitka-gold,Sitka Gold,2,91,464,0,0,0,0.0,0.0
main_2025-04_to_2026-10|placements,solstice-minerals,Solstice Minerals Limited,3,182,373,0,0,0,0.0,0.0
main_2025-04_to_2026-10|placements,srq-resources-inc,srq-resources-inc,7,176,379,0,0,0,0.0,0.0
main_2025-04_to_2026-10|placements,stakeholder-gold,Stakeholder Gold,2,127,428,5,1,4,0.79,0.93
main_2025-04_to_2026-10|placements,stardust-metal,Stardust Metal,1,55,500,1,0,1,0.0,0.2
main_2025-04_to_2026-10|placements,sterling-metals,Sterling Metals,1,91,464,3,0,3,0.0,0.65
main_2025-04_to_2026-10|placements,strategic-metals,Strategic Metals,4,91,464,0,0,0,0.0,0.0
main_2025-04_to_2026-10|placements,strategx-elements-corp,strategx-elements-corp,1,59,496,0,0,0,0.0,0.0
main_2025-04_to_2026-10|placements,surge-copper,Surge Copper,1,30,525,1,0,1,0.0,0.19
main_2025-04_to_2026-10|placements,teck-resources,Teck Resources,1,91,464,0,0,0,0.0,0.0
main_2025-04_to_2026-10|placements,tomagold-corporation,tomagold-corporation,1,91,464,0,0,0,0.0,0.0
main_2025-04_to_2026-10|placements,total-metals,Total Metals Corp.,1,91,464,0,0,0,0.0,0.0
main_2025-04_to_2026-10|placements,transition-metals,Transition Metals,5,163,392,1,0,1,0.0,0.26
main_2025-04_to_2026-10|placements,viridian-metals-inc,viridian-metals-inc,1,37,518,0,0,0,0.0,0.0
main_2025-04_to_2026-10|placements,visible-gold-mines-inc,visible-gold-mines-inc,4,163,392,0,0,0,0.0,0.0
main_2025-04_to_2026-10|placements,vision-lithium-inc,vision-lithium-inc,1,91,464,0,0,0,0.0,0.0
main_2025-04_to_2026-10|placements,vista-gold,Vista Gold,2,93,462,0,0,0,0.0,0.0
main_2025-04_to_2026-10|placements,vizsla-copper,Vizsla Copper,1,84,471,3,0,3,0.0,0.64
main_2025-04_to_2026-10|placements,vr-resources,VR Resources,4,91,464,0,0,0,0.0,0.0
main_2025-04_to_2026-10|placements,vulcan-minerals,Vulcan Minerals,1,71,484,0,0,0,0.0,0.0
main_2025-04_to_2026-10|placements,walker-lane-resources,Walker Lane Resources,3,91,464,0,0,0,0.0,0.0
main_2025-04_to_2026-10|placements,wesdome-gold-mines,Wesdome,3,182,373,0,0,0,0.0,0.0
main_2025-04_to_2026-10|placements,white-gold,White Gold,6,263,292,1,0,1,0.0,0.34
main_2025-04_to_2026-10|placements,winshear-metals-corp,winshear-metals-corp,3,215,340,0,0,0,0.0,0.0
main_2025-04_to_2026-10|placements,xxix-metal-corp,xxix-metal-corp,3,174,381,0,0,0,0.0,0.0
